"root_id","customer_text"
"49445","@GWRHelp 17:18 from Reigate to Reading, what’s going on?"
"134669","@GWRHelp ticket machine out of service at Bradford on Avon. Again. #boa #commute"
"1359424","@GWRHelp What is happening with your online booking system, I am trying to book a ticket to Bristol with no luck so far."
"2577433","Long day now even longer as my @GWRHelp train home from Cardiff would appear to be half an hour late. #lateagain"
"534555","Still in Bristol in Gardiner Haskins (I should be in Salisbury): 3 carriages, overcrowding &amp; 2 missed trains means I've had to cancel my plans @GWRHelp @24277 @243822 @140346 @24278  This is not unforseen circumstances. https://t.co/97SQg20skc"
"1822222","@GWRHelp utter chaos trying to get from Swansea to London today. 6+hrs and 5 changes. Rubbish. Now queuing for 30mins for next train! https://t.co/4glunr0uHZ"
"2140270","@GWRHelp morning how are you today plus can I get a follow back please"
"1812901","@gwrhelp do you still plan for new trains to be released this autumn following Kobe steel scandal, where Hitachi trains are affected?"
"1677966","@GWRHelp @510369 noticed that due to diesel mode limiting them to 100mph the new IEPs are averaging 10mins late into cardiff"
"2537029","@GWRHelp 7 carriages, full to the brim , heating on full blast...every single train from IVR for the last month."
"2762222","Not even 7am and already @GWRHelp are ALREADY running 9 minutes late. I can’t wait to get onto time of only 3 hot, overcrowded carriages. @226761 @167364"
"2931018","Thanks @GWRHelp .. 2nd time that the 7o clock from Bristol TM to London is cancelled - this adds a 25 minute delay to my 12 minute journey, again! any rebate off my train  pass? @139601 @139586 @256090"
"2228559","@GWRHelp thanks for fucking my life up as per usual x gonna miss both my connecting trains and end up having an 8hr journey x what a fucking joke x"
"1395356","@GWRHelp are the new trains running today, if so what times"
"2906437","@GWRHelp  your on train customer service is as bad as your wifi, non existent."
"1787559","@GWRHelp 618 from Padd - Maid only 3 coaches?!? THERE IS NO AIR CON OR OPEN WINDOWS &amp; there’s the population of England on this train!"
"2271883","@GWRHelp trying to get to Bournemouth from trowbridge. But im going to miss my connection at Southampton because of a late train. Shock. Any ideas what I'm supposed to do?"
"675382",".@GWRHelp @154173 Only just realised your Class 800s don't have a buffet car/onboard shop. This is utterly ridiculous. How did you come to that decision?"
"2794887","@GWRHelp when the (delayed) 2127 from Slough to Maidenhead arrived at M why was the station announced as Taplow? (Good thing I got off)(1/2)"
"1842291","@GWRHelp More noise (incl. swearing) from Manager's Office than whole of the Quiet Carriage put together: 0655 St Erth to Padd. Poor show."
"1430883","@GWRHelp once we have bought adv tkts with reserved seating is there a chance we can change the seats so we can sit with our friends?"
"1608997","@GWRHelp why is your train to Bristol so overbooked the aisles are literally filled with people"
"1165835","@GWRHelp Not impressed that 19.25 from St Austell to Penmere missed connection at Truro. My daughter is stuck in Truro for 75 minutes wait."
"1677968","Left my meeting early but thanks to Great Western will still be late to collect my daughter @GWRHelp"
"678629","@GWRHelp why did the 6.55 oxf &gt; pad leave charlbury 15mins late? I had checked the app 10 mins before leaving house and it was on time? (I’m getting on at oxf)"
"2423191","@GWRHelp Just had the worst customer experience ever. 3 calls to your website support bods to try and book an e-ticket using your app &amp; website, only to be told on 3rd call that I can't buy the ticket for my journey even though I have no other way to buy a ticket @ HIG"
"1581149","@GWRHelp any reason for late notice of cancellation of 0744 CPM - BRI? Was 6 mins late and just now cancelled? No time to make other plans!"
"2887424","Could you kindly confirm @GWRHelp if the 1410 SOU-CDF service will be a proper cross country Class 158 unit or another one of these? I want to know whether to spend an hour in Romsey or endure this for 2 hours #worstgroup https://t.co/z7TYhoVZHx"
"608298","@GWRHelp I'm trying to buy a return ticket to London via your website yet when I click on what station I want to collect my ticket from (ticket machine), Penzance isn't listed! Why? I would hate to have to use another online booking site."
"1941037","@GWRHelp pure curiosity here: 2115 PAD to TWY formed of 7 coaches - only first 5 usable. Why?"
"624006","@GWRHelp I don't suppose anyone has handed in a handmade felted wool brooch. Lost between Didcot and Oxford yesterday.  Depicts blue sky, green field, red embroidered poppies. Fingers crossed."
"1834195","@GWRHelp Has Bramley Station closed? I’ve not seen it open for ticket sales around 7:00 am all week."
"49448","To give @GWRHelp their due, the driver did at least apologise for their impossibly shit service today."
"759386","@GWRHelp why is the 20:22 PAD-OX showing as 10 minutes delayed?"
"1879456","@GWRHelp lights are not working on the southbound platform at Cam &amp; Dursley station.  Can they be fixed as it was quite dark this morning"
"2675208","@GWRHelp hiya. Are your Hayes and Harlington to Paddington services running today in this disruption. Trying to get Hayes-Acton Mainline"
"751434","@GWRHelp whose idea to half the train length of an already packed to brim train. 18:18 from Paddington is a joke"
"1438867","@GWRHelp Hi, I want to take a surfboard on the 18:52 train from Par to Reading in a few days time. Is this possible? Thanks"
"2634367","@GWRHelp shiny new train - 19.00 Lon-Bath - same #hopeless service - still at Paddington"
"106406","@GWRHelp hello my friend left a Bath Gin bag on the most recent reading to Redhill service, containing two bottles. Any chance someone has seen it and handed it in?"
"2607170","@GWRHelp Cheltenham to Bristol TM is 9.30 on ticket machine, but the railcard makes it £12? Why does a railcard increase the price so much?"
"1874388","@GWRHelp what services is your new class 800 trains operating on Saturday and Sunday, want to go and see it as I am a train enthusiast"
"1058447",".@GWRHelp You have surpassed yrselves by leaving 14 yr old girls alone on a platform at Exmouth due to yr incompetence and lack of planning!"
"1070216","@GWRHelp hey, what’s the reason for the late running 13:30 RDG - PAD? Thanks"
"30684","@GWRHelp do the contactless readers on the ticket machines not work? They make a strange noise and the light goes out when I try to use them"
"1593790","@GWRHelp maybe be the worst series in the United Kingdom. Nationalising the train service needs to happen. Private company don’t care."
"2097606","@GWRHelp stuck outside Swindon for 20 mins now. Previous train cancelled.  Trying to get to Paddington. Driver is whispering into the microphone and no one knows what's going on. Are we getting home tonight?"
"782146","@GWRHelp Wifi registration server failure - train 44083. Reading-Bristol annoying"
"1277921","@GWRHelp Ticket office not open at Theale when I need a monthly travelcard! Can I change my weekly for a monthly at Paddington this a.m.?"
"2845232","The 17:36 from Bath Spa is 17 minutes late and full to the brim @GWRHelp. Passengers being turned away at the doors. When are those new trains coming?"
"2181494","@GWRHelp Hi, I received two tickets after bad customer service and delays but these expire this year valid 2015/16/17). Is there any way to swap for ones I can use in 2018? https://t.co/FUZpIznTLk"
"1721993","@GWRHelp when are you going to start providing enough space for commuters using your service 0755 KYN to BTH is consistently like sardines"
"2334009","@GWRHelp ....planning on getting the 9:05 am bus replacement from bristol parkway to Cheltenham this Saturday....as it's Cheltenham races on Saturday are you laying on extra buses as it will be busy ?"
"169435","@GWRHelp Hello. Just been told to embark at Reading for Chippenham instead of staying on to Swindon. So did. Now new train isn't stopping at Chippenham. Do your staff not speak to each other?"
"1417997","@GWRHelp you may have a new train that leaks but 3 coaches have gone missing from the 18.18 Paddington to Oxford. #gwrfail https://t.co/BL0PX1lsQE"
"1905110","@GWRHelp what's happened to the new, faster, bigger trains. Stuck in worse overcrowding than normal on a old train, with all the usual chaos"
"2388218","Ridiculous, @GWRHelp. A two carriage train that arrives entirely filled up during rush hour. Consistently subpar service."
"2415630","@GWRHelp oh shock yet again I'm standing in a 2 carriage train at peak time because you still can't get it right! #shitservice #suckyourmum"
"928760","A faded window to the past - #Swindon's Alexandra Road #Swindon Railway Station mural taken in 2012 @GWRHelp https://t.co/Wi9pV0yjrE"
"106506","@GWRHelp Hi, why did the 17:58 from Reading to Tilehurst no longer call at Tilehurst today?"
"1458471","@GWRHelp on 1949 Bristol to Frome, being advised of possible delays, can you give me an idea of how late the train will arrive?"
"106466","Poor show @GWRHelp. Bourne end train at 18.20 not held by one minute to allow the people on connecting train from London to board. Most of the people who catch this are coming from London"
"90746","Fantastic service from Mark on the @GWRHelp ticket desk at Bristol Temple Meads getting us back to London. Many thanks."
"504143","@GWRHelp are you joking with this service to Plymouth? What am I paying for if the coach I have a reserved seat in is missing? Not quite the same standing in the corridor... https://t.co/fe1N2LAHqc"
"496593","A new all time low. The 1706 @GWRHelp Westbury service has not 8, not 7 but 6 HST coaches. What on earth is going on with formations at the moment?"
"1696452","@GWRHelp the 1736 from BATH is 2 carriage. Why are staff advising BTM commuters to use this instead of waitng 2 minutes for their own train?"
"985736","@GWRHelp their new brand motto must be profit over safety #dangerous"
"2462647","@GWRHelp any clue as to what delayed means as we have work to get too https://t.co/tctuM3YuUx"
"1826870","massive well done for the train break down in westbury!! Now stuck on how to get to Cardiff with a four year old in a cast @GWRHelp 😡"
"1123021",".@GWRHelp How hard is it to unlock the doors on a train? (8.16 from Worle) All passengers stood waiting like lemons"
"1047811","I buy seasonal ticket and I expect @GWRHelp to provide trains on time, no #shortages #nodelays! #gwr #TrainDelay #Paddington #london https://t.co/GMjIcPlY7W"
"1359453","@GWRHelp The all pervading smell of garbage at Theale station is disgusting, are you going to have it collected or just leave in a pile?"
"1277973","Plenty of excitement on our commute this morning as we watch the first @gwrhelp IET make it's way to Paddington #GWRnewtrains https://t.co/DzQpUyplbm"
"768232","@GWRHelp only 4 coaches on the 757 to Paddington is ridiculous. By the time it gets to southall it’s impossible to get on!"
"1271598","@GWRHelp why is 7.07 from Theale only 7 cars. Again no announcement where my coach B reservation is. Unacceptable service"
"1604703","Currently on a @GWRHelp service, “next stop Hayes &amp; Harlington” as we pass through and fail to stop at Twyford. Thanks for the announcements"
"894573","@GWRHelp The 10:43 from Barnstaple-Exmouth only had two coaches and the train was crammed to the rafters. The service between Barnstaple-Exmouth should be a  minimum of three coaches."
"2631808","Enjoying the announcenent gremlins on GWR from CDF to PAD. I think they turned it off and on in Newport (announced as Reading). Guard has just asked for a Hitachi fitter over the PA. @GWRHelp"
"490952","@GWRHelp Just seen your Christmas arrangements! WTF?????"
"1253129","@GWRHelp Are there any issues with the first trains from #Oxford  to #Reading on the morning of #Sunday #November5th please ?"
"1513975","@GWRHelp why yet again delay on trains from Bath to Bradford on Avon #sick of trains"
"2433504","Dear @GWRHelp not surprised that you didn't reply to the below but fyi, this train is now running over an hour late. Think a formal apology is required https://t.co/qts6HNzAlK"
"1405283","@GWRHelp- great to ride the maiden voyage on the #GWRNewTrains IET this morning. Tomorrow am which service times will come through Didcot Parkway before 7:45 am?"
"1968591","Dear lovely helpful @GWRHelp twitter ppl, please register this as a complaint &amp; request for remedial action from your bosses! So backward... https://t.co/lA23RZjFCf"
"1879458","@GWRHelp Why no quiet carriages in the new trains - guards blame Hitachi, but this must be GWR fault - it's made travel quality much worsel"
"1816586",".@GWRHelp neither driver nor train manager can get hold of your control centre to find out why train stuck at Maidenhead (unscheduled stop!) https://t.co/c1WbciW0fH"
"2359727","@GWRHelp will the 1930 to BTH leave PAD before the 2000?"
"861975","@GWRHelp lost a water bottle on the 16:53 BTM to Taunton. Like the one in the pic but pink and green. 2nd carriage baggage hold area. https://t.co/uKQ6dQbJi1"
"2250022","@GWRHelp I paid £80 for a return (I bought in advance) from London pad to Taunton but I haven’t even got a seat on the train and have to stand whole way, wondering what exactly I paid for?"
"1467259","Missed bag on Western-Super-Mare on 06/10 @60607. Dropped email to lost property &amp; called Swindon customer care but no response
@GWRHelp"
"1113806","Loving the public transport today @151960 service to London this morning then @GWRHelp back this evening #COYS #THFC"
"2929705","@GWRHelp Morning. There’s no heating on the 6 09 newbury to Paddington. All coaches the same. Please will you report- it’s very cold. Thnx."
"71675","@GWRHelp what is up with the Reading-Paddington services this morning? All delayed and absolutely no explanation"
"2368845","@GWRHelp waiting outside reading for platform 10.45pm from Paddington, for 10 mins we were early now we are late! 15 platforms at reading?"
"1309051","Can't wait for #GWRNewTrains to arrive at Worcester Shrub Hill! 🚂😍 #NewCareer 💕🙌🏻 @GWRHelp"
"2464687","@GWRHelp very over crowded train #health&amp;safety#awful https://t.co/RHDJCVKWo6"
"2468980","@GWRHelp there have been numerous occasions where the trains have been delayed between didcot and oxford .. Why are the trains never on time???"
"840659","@GWRHelp have put friend on train from MiM to GTW worried she won't arrive in time - how is service looking now? ( mim was delayed)"
"2434550","Cancel two trains, shorten  carriages from 5 to 3 &amp; then charge us to use the train. @GWRHelp yr service make case for nationalisation easy https://t.co/3m2sCPfrrU"
"2574681","Guy in front is writing to the @GWRHelp account to complain the train is running late.
We're late because a car struck a bridge. Send your complaint to Audi or Ford instead or whoever it was..."
"2973896","@gwrhelp. Need someone urgently at coach a platform 4 paddington"
"987131","@GWRHelp is Appalling. 1 over capacity train, 1 cancelled and a now on a train with everyone standing. £44 for what?#gwr #networkrail #scam"
"876788","Usual Friday night chaos, no seat reservations put out and people now fighting over seats! You lot are a complete shambles @GWRHelp"
"2181507","Happy with the ""service"" you're providing, @GWRHelp ? You should be DAMN ashamed of yourselves. I've my OAP dad and disabled sister with me and were squashed in the aisle like sardines. https://t.co/2IJE3evS0N"
"605444","@GWRHelp wondering why there's new ticket machines being installed at Ealing Broadway when a new station is being built and the operator is changing within the next year or so... Or is the rebuild running that late..."
"788156","@GWRHelp Hi, for seat reservation on the GWR website, it doesn't give an option for individual seat"
"2563350","@GWRHelp Hi gwr - do you not do advanced discounted fares anymore. Looking a whole 2 months ahead exd to pad and still full price (which is really high)"
"1389378","@GWRHelp how come this train was delayed?I’m now late for work:):) https://t.co/mZu8boL3RQ"
"1524968","@GWRHelp what an unpleasant experience on a packed train to London Paddington today.  How do you even get to the toilet?  Rammed, overcrowded, stressful - not like your Enid Blyton adverts at all!"
"2783528","Let the train take the strain... 17:07 to Weymouth.. @GWRHelp https://t.co/qL4Duv9UI9"
"153554","Why don’t you declassify 1st class to allow more people to sit? @GWRHelp as well as respond to me? https://t.co/dUrl68tC5r"
"1517481","@GWRHelp Hello, just inquiring of when will the 387's be running between London #Paddington and #Reading?"
"1894693","Really want to view @22235 proceedings but can't as @GWRHelp WiFi is poor. Suggest @3889 investigates impacts on productivity. https://t.co/qvNwJePVUL"
"950459","Thank you @GWRHelp for bringing @41974 safely home despite #stormBrian 😊👍"
"264300","@GWRHelp so once agin you are up to your normal standards. The 15:48 from bradfrod on Avon is over booked as always. Shower of shit"
"2556588","@GWRHelp The 15.35 London train still hasn't arrived at Evesham, but has disappeared from departure board. No announcements. Is it coming?"
"869238","@GWRHelp is peak/off peak suspended tonight from Paddington because of the Reading works this weekend?"
"1075844","@GWRHelp What's going on with the 17.49 Worcester Shrubb Hill?! https://t.co/qxfgFjYlxi"
"983699","@GWRHelp bought ticket from Cheltenham to London. Get off at Swindon to find no trains. Then not allowed to take dogs on the replacement bus"
"2100347","Arrived in London in smart a refreshed @GWRHelp sleeper coach (F on London bound last night) @358550 Excellent service now looking forward to working with @620312 #ttp #geography https://t.co/wT4nkTFkH2"
"71711","@GWRHelp explanation the 9.35 from Langley is now 15 mins late? This service is a joke and shockingly late constantly, not acceptable."
"111706","@GWRHelp 1930 BTH-PAD can you get the PA to work in coach B and let people know reservations are cancelled."
"977854","@GWRHelp Where is the train from St James to Exeter St David? Im going to miss@my connection because of you"
"1241935","@GWRHelp Do you think it’s acceptable to make people sit on an actual bus for 2.5 hours with no toilet because you are going works?"
"583434","@GWRHelp Hey! By any chance, do you have an IEP train running on the 28th? 🚅"
"1033466","@GWRHelp .... what's going on? Not a happy bunny. https://t.co/SR7X09PLWr"
"1347350","So it's official - @GWRHelp launches 1st Intercity Express Trains today. Hope to have a ride back home tonight on one https://t.co/9wCqjObCOI"
"166275","@GWRHelp Can I please reserve a seat on the 0900 departure from Brighton tomorrow between BTN-SOU at a window in the direction of travel at all? Thanks"
"1265067","@GWRHelp Hello. Is there any risk that the new IEP service will abandon its timetabled stop at Reading in order to make up time?"
"1117964","Because of the utter crapshow that is @GWRHelp engineering works I cannot get to @381537 easily (2h each way) 😓😡😤 #ChocolateShow"
"917829","@GWRHelp take it not gonna get to London Paddington now on time :("
"767946","@GWRHelp Lots of your trains are still branded FGW.. lots of naff signage too; looks terrible green &amp; blue. What’s the ETA?"
"2030159","Great, my 5:55 @120244 train to #London is delayed by 40 mins; it's only the second one to London this morning!!  Not happy... 😡 https://t.co/qxrB7BSmr4"
"687301","@GWRHelp spending £25 on a 40minute journey to sit on the floor of an over crowded train... not overly impressed."
"2543436","@GWRHelp Hello , trying to book advance tickets . Is your website down ?"
"550413","@GWRHelp and now the return train is the same! Reserved seats, standing room only , people actually being left on the platform. Madness 😡"
"106422","@GWRHelp Your new trains are lovely - but the signage in the quiet coach is so subtle nobody seems to have noticed it. 1L76"
"533098","@GWRHelp would have been nice to have been given a response to my last tweet!!!!"
"2225075","I am on a brand new @GWRHelp @154173 Train going to #Cardiff. Heaven forbid I might want to send a few emails during my 2.5hr journey
' https://t.co/fHV46x3oKY"
"1836587","@GWRHelp 05:50 Oxford to PAD coach L seat 9 seat does not work. Please can you report to engineering"
"1127473","HI @GWRHelp are you aware that your website doesn't integrate with national rail's and is so slow it has taken me days to buy ticket?"
"2233286","@GWRHelp where is 1711 FIT WSB? board says on time, but not arrived"
"1440404","@4665  help @GWRHelp in #stafftraining &amp; #awareness old £1 coin no longer in circulation, your ticket inspectors are clueless"
"651980","Typical scenes, every train delayed indefinitely and @GWRHelp are nowhere to be seen. https://t.co/Pmn8IKiaT3"
"1224867","I guess @GWRHelp has given up any pretence of running trains on time. In the past 3 days EVERY train has been late. Unacceptable."
"1554681","@GWRHelp The 930 CDF-Bath was cancelled this morning. Any reason to think the 536 Bath-CDF will also be cancelled?"
"1065740","@GWRHelp I have yet to receive via post ticket booked on 5 Oct - in my experience should have arrived by now? Can you pls advise."
"2966963","Do people not need the toilet in the evening @GWRHelp?! This pregnant lady is not even sorry if she wees on your seats. Staff member who said he was going to unlock them vanished. #unlockthetoilets #unhappycustomer"
"746553","A day where @GWRHelp arrived and departured on time. Nah Never happening..."
"2130683","Evening, @GWRHelp. Any idea when the driver for the delayed 17:49 BTM to Frome will get here? I'm tired and hungry, and was hoping to be almost home by now. Also, how are you this evening? Here is a picture of some good doggos to keep your spirits up. https://t.co/iQOKYhrgx4"
"2513585","@GWRHelp is the 7.08 from Maidenhead to Paddington now the designated service to cancel?!"
"2570643","@GWRHelp Another week of misery due to the railways?"
"2268083","Hey @GWRHelp any chance your amazing #FamousFive poster will be in sale for #Christmas? #ILikeTrains"
"2130717","Another hour long delay from @GWRHelp - years of increased fares for what?"
"2164684","@GWRHelp why is the 07.53 TWY-PAD late today? What time are we arriving?"
"1292009","Good morning @GWRHelp 
Any news on trains Cornwall to London today please? #opheliahurricane"
"1029199","If anyone has found a weekly ticket in my name on the 7:52 BNM-PAD @GWRHelp this morning, please let me know. Thanks!"
"1128349","On my way to Brussels for tomorrow’s #chillincompetition conference. Just leaving Bristol Parkway for London Paddington  on first leg. https://t.co/tjm5i5zacu"
"971303","@GWRHelp A short train for the 18:18 from Paddington to Maidenhead. These conditions are inexcusable. Cramped and hot."
"2904920","@GWRHelp 16.29 from Swindon to Weston SM was again 7 coaches. Why are you running a shabby service when you  boast about new trains? You should have additional rolling stock to choose from....."
"2180489","@GWRHelp Hello, for ticket collection, why don’t your ticket machines at Bath Spa station take Amex, whilst your ones at Paddington do?"
"1187381","@GWRHelp disappointed I bothered pre-booking a seated ticket to Bath Spa...train packed, no seat as reservations cancelled, standing all the way. Not a great start to a rare weekend off mum duty. Any compensation?!"
"1970379","Can I get compensation for this @GWRHelp ? The was a queue of people unable to board your short formed train. I couldn't get on the service https://t.co/M9267nUrhQ"
"2620181","@GWRHelp 12:17 from Exeter delayed arrival into reading just caused us to miss connection to Gatwick, anything GWR can do to help...?"
"899439","@GWRHelp Hi there! Are the “Off Peak Return” fares the same price as if you were to buy on the day at the station? Or are these the online advance ticket prices? https://t.co/xsMTZzpca2"
"2202612","So, @GWRHelp, the 22.30 from Oxford seems to go straight through to Reading this evening... all because it's just a few minutes late? Means there's a bunch of us sitting in the station this evening getting frustrated."
"967686","@GWRHelp Hi guys, can anyone confirm when the first of your new trains are in public service? Thank you!"
"1676778","@GWRhelp thanks for cancelling my train this morning, not only do I pay you money every month for nothing, I also have to pay @115873 #"
"1039871","@GWRHelp hi my 16:03 train from Exeter St Davids to London Paddington has been cancelled. What do I do?"
"1180987","@GWRHelp hello. Will 15.01 bridgend to Reading tomorrow be an IET please?"
"981491","@GWRHelp 1235 RDG-&gt;NQY is running late. Will 1634 connection at PAR wait?

Thx."
"1596020","Lovely news for those in &amp; out of London - new, spacious, high speed @GWRHelp trains. For the rest of us it's the usual cramped and standing"
"2697641","Massive thanks to employee who helped make sure me and my son didn't get stuck in the 11.29 chippenham to bath @GWRHelp announcements need to be clearer about doors not opening at Bath spa before you get on the train,"
"500122","@GWRHelp the train I was catching left early ?!?!?! I arrived at the platform and it left 30 seconds early without me. Awful service."
"2064635","@GWRHelp On the train from Weymouth to Bristol Parkway. 2 carriages. At capacity leaving many behind at Trowbridge.  100s stranded."
"2224143","@GWRHelp Hi, in an email sent round by Mark Hopwood about the new GWR online souvenir shop, the link doesn't work saying that the website is not found. Is it under maintenance or is the link wrong?
https://t.co/8bawTe71Wd"
"2460394","@GWRHelp  how come the class 800 isn’t working again this morning? Doors have failed to open at bath spa."
"66170","@GWRHelp another comfy peak journey to London. I accept the apology but I’d accept a reduction in my ticket more! #gwrpoorservice https://t.co/zcVhVyyzsI"
"1419843","@GWRHelp Hi there, do you know if there is any engineering work going on near Ivybridge tonight, there are some odd noises outside!"
"903427","@GWRHelp hi, how delayed is the 18.48 Pad-West Ealing please?"
"1787765","Especially considering the extortionate prices. Also WHERE did the buffet car go? @GWRHelp #GWRNewTrains"
"2634384","@GWRHelp 1741 from BRI to Gloucester was so late that I'd miss my connection to Stroud. Being picked up from C&amp;D. How do I ask for refund?"
"624048","@GWRHelp can you get network rail to build new through platforms at Oxford? Expecting a terminating train to be cleared and dispatched in 3 minutes is just unrealistic. Just another 4 minute departure delay for the following service."
"2244804","@GWRHelp my friend's trying to get from Dorchester to Exeter ASAP and trains delayed. Help? She'll miss her connections!"
"1976805","Hi @GWRHelp can we have a reason as to why the 1835 from Padd to Exeter is still sitting on the platform? It arrived in at 1815."
"1241647","Our British-built intercity trains carried @GWRHelp passengers for the first time today https://t.co/CX8vYwqqYA"
"1964836","@145456 @gwrhelp another 3 carriage only service 629 from Reading. will be an absolute crush from Slough. loving privatisation."
"156531","@GWRHelp Is this safe? Standing room only on train from Reading to Bristol and seat reservations not working?!? Value for money? https://t.co/Pnc0YuaE2N"
"891826","@GWRHelp 
I have a Thames branches day ranger for tomorrow, but the emergency works means I can’t do what I had planned
Can I get refund?"
"1201609","@GWRHelp - hi there, I'm a bit confused as to which of the numbers on my ticket is my ticket number. I need to to follow up on delay repay."
"2233201","@GWRHelp I'm on the 16:36 service from London Paddington to Plymouth, please can you turn the heating up as my mum is moaning that she is cold."
"527063","@GWRHelp why no power outlets in services bellow 2 carriages? Still in 2016 or what ?"
"2423189","@GWRHelp how’s the refurbishment of the sleepers going?"
"1218683","@GWRHelp Something up with your website? Reset my password and its refusing to take it. Mildly infuriating."
"1008460","@GWRHelp Why did the 1056 leave three minutes early from West Ealing? Does the timetable ever bear any relationship to reality?"
"113691","@GWRHelp 19.15 Paddington to Swansea so oversubscribed 80+ years woman can’t get to her seat, shameful 1st class space!!!! #cattle"
"1567753","Hi @GWRHelp - have you ever managed to run a train from Worcester to London without significant delays?!"
"2741349","@GWRHelp 1709 to Reading from Guildford- what’s the problem?"
"1953917","Heads up that every Sunday the PM services Westbury-LDN are overbooked and overpriced. No seats/loos/food due to overcrowding. @gwrhelp"
"1936072","G8 to have the @GWRHelp  experience on my lst trip for a while (I hope). Cncl 8 car and everyone on 2 car 21:56 to Exeter. I WONT miss you!"
"2228519","@GWRHelp on a new hitachi train a nice surprise"
"894717","@GWRHelp taxi from Worcester to Oxford now has flat tyre a mile from Kingham station. Seriously unhappy. Still need to get to London"
"1227520","@GWRHelp Evening, can you advise when advance tickets for 3/12 and 17/12 TAU to PAD will go on sale? Thank you"
"545816","@GWRHelp 1A88 today coach E S£&amp;T over toilet floor coach D toilet full of S£&amp;T dose not flush Coach D seriously bad wheel flat 🤕"
"25122","@GWRHelp have I missed the window for cheap Plymouth to Paddington tix for 29th December? Looking for a 1st class ticket! Thanks :)"
"2535531","Hey @GWRHelp guess what? Shalford tix machine broke again! Still no courtesy of a response. Maybe this time?"
"1005390","@GWRHelp 20.27 London Pad to Cheltenham cancelled. 

Have booked ticket on that train. What are my options?"
"634078","Where is the sodding train! It’s cold!!! #16minslate&amp;counting @GWRHelp BristolTM&gt;Weston 16:26"
"1328984","@GWRHelp absolute joke today be lucky to make kick off at Swindon"
"2634331",".@743748 doing her best Corbyn impression on the packed @GWRHelp train to Devon. Happy Friday... https://t.co/x71YrPx9VA"
"688594","@GWRHelp lt is ridiculous not to be able to schedule ANY of these trains to stop at Twyford when they literally pass the platform.

3 empty trains in 5 mins and not stopping because of ""congestion"". //@284510 https://t.co/cFHvThb3th"
"853497","@GWRHelp 16:09 chippenham to Bristol temple meads still not arrived at chippenham. How do I get a refund as I'm going to miss my appointment?"
"2747979",".@121203 @GWRHelp at their very best. Given all of 2 mins to get to platform 14, half a mile from the screens for an already delayed train and then whistled at for not sprinting. Are you serious??? The train was being prepared... Why not tell us a platform then? Youre a joke."
"2451950","No buffet service on the 1703 London to Swansea due to a staff shortage @GWRHelp #sundaytravel"
"1255924","@GWRHelp I am so sick of your shoddy peak time train service. Trains cancelled, lack of coaches, overheated carriages."
"1080798","@GWRHelp cumulatively I’ve probably been delayed 4 years"
"1120674","Hi @GWRHelp - why does the 0705 Twyford &gt; Paddington smell entirely of wet  dogs this morning?"
"545833","@GWRHelp is it possible to reserve a particular seat on GWR from LSK to PAD? Other family members already booked, trying to get a seat with them."
"2847228","@GWRHelp the 17.36 from bath is absolutely packed and only 3 carriages the service is not good enough you know that the bath Xmas market is on why don’t you do something about the bad service"
"2931633","@GWRHelp day 3 of broken boiler Newport-London. I realise you're running the old stock down for the new trains but people have paid a lot of money to travel with you, a cup of tea would be nice."
"2965683","@GWRHelp I have a super off-peak return ticket due to use my outbound journey tomorrow. Can I delay this an use is Friday as the return journey is valid for a month?"
"1987410","@GWRHelp Hi. Are you planning on striking tomorrow? I’m thinking Blackwater &gt; Reading &gt; Paddington around 0830 ish."
"805417","@GWRHelp so, chaos for my ride into London this morning from Maidenhead and chaos trying to get back tonight from Paddington. 👿"
"2352705","@GWRHelp 06.56 cardiff to london and now 5.39 swindon to swansea both with only 7 coaches.  Once in a day is bad enough but twice is a bad joke."
"1120342","@GWRHelp @123241 the worst customer service and worst experience ever! Very disappointed considering the amount of money I paid!"
"2879393","@GWRHelp 7:15 from London Paddington to Cardiff cancelled again, must be 3 times in a week 😞, what’s happening?"
"984921","@GWRHelp I have a super off peak ticket returning from Bath to London today. If I made a seat reservation do I have to travel on that train?"
"2473102","@GWRHelp hi, if there aren't any seat reservation tickets are the reservations cancelled?"
"1181936","@GWRHelp What is the point of booking seats on a train to be told you can’t get on because it’s too busy! Another appalling experience with great western trains #shambles #ruinedweekend"
"2030839","Train into Paddington delayed yet again, @GWRHelp. Any idea when this service might start to improve?"
"646677","@GWRHelp thanks a bunch. 3rd time this week terminating at Shrub Hill! People in Malvern want to get home too"
"2656116","@GWRHelp A plea!! My daughter left her gloves on the 9:47 Swansea to Paddington Train, coachB we think seat 22. Any chance they’ve been found??? She bought them in Vegas! X"
"2703323","@GWRHelp Your service is shocking. My brother was supposed to arrive in Derby at 21:30 but you delayed his train and cancelled his connecting train so he now wont be in Derby until 1:30AM! He now cannot check into his hotel or even get a meal.
Then have to prove train cancelled."
"86897","Its done.Swindon Museum and Art Gallery bid handed over to the Heritage lottery Fund. Well done everyone involved, thank you for all the help and fingers crossed @134998 @GWRHelp @5137 @132691 @4160 @133075 @4468 @134999 @4462 https://t.co/yi20BPXACl"
"111680","@GWRHelp Can you tell if the 1st Class will be open at Pad on 28th Dec 2017. Cheers"
"1450624","@GWRHelp seriously, dang right disgusted that this happens every day. Seriously need to stop up your game here. https://t.co/jHbyzqfpAY"
"134688","@133147 @GWRHelp more cancellations on SBL  this morning, this time signalling faults. My son had connection to Southampton train go out the window."
"1888100","@GWRHelp Any chance of some on train announcements explaining the late and awaited departure of the 18:20 BRI to NLS?"
"136750","@GWRHelp thanks for sending a 1 coach train on 09:41 yeovil to Bristol. Along with about 10-15 people can't get on!"
"1515751","@GWRHelp told to change platform 3 times at bristol and still arrive over 30mins late at Westbury :("
"153516","@GWRHelp amazing staff at #Oxford thank you for making our day fantastic! https://t.co/GFoDY4NDuH"
"1585423","The @gwrhelp #gwr service 08:23 from BTM due in to bath at 8:35 is still in Bristol at 8:50 :'("
"2718842","@GWRHelp I have a return ticket for Bristol Parkway to Temple Meads for today, but I needed to use the 0653 which was cancelled. Therefore I had to drive this morning and pay the higher cost for parking. Can I exchange todays ticket for the same journey tomorrow? Thanks"
"1275719","@GWRHelp is the 17.20 running from btm to Cardiff please?"
"1779962","twitter@gwrhelp do you know will be any new trains depart from Swansea on Friday because I am catch the 10:29 to Bristol Parkway"
"1287299","@GWRHelp Are there any issues/buses planned for tomorrow afternoon/evening Swindon-Bath Spa and back please?"
"1218676","@GWRHelp Can you give us any information on the 'bridge strike' east of Bristol which has us all on stop? Any idea when we'll be moving?"
"2656041","@GWRHelp hi apparently no Coach C on the 5.31 from Oxford; have reservations been moved??"
"1827206","I feel for you @GWRHelp social media team -there is only so many excuses you can put up for you greedy shareholders.suppose you could drink? https://t.co/HUV8Y5vtRw"
"205922","@GWRHelp  we are travelling to Cardiff from Glasgow. Can we get off at Bristol parkway and get bus to Newport rather than travel to temple meads"
"2228552",".@GWRHelp was once my favourite railway now not so good. Every time I have travelled with them in the last month the train has been delayed but today it will mean I will miss my connection so that's a 40min wait. #280charactershelpful"
"2140879","@GWRHelp how can I claim compensation for delayed 20:00 London to Bristol temple meads train tonight? Bought the ticket at the station, train getting in now, 38 minutes late"
"2764601","Hi @GWRHelp the 7.53 TWY to PAD is crawling again. We should have been at London Padd 3 mins. What is it today?"
"733270","@GWRHelp why are all your trains in to Paddington so delayed this morning?"
"2494289","@GWRHelp why does the 17.42 from Paddington follow a slow train every day meaning it's delayed? Why just accept you can't get it to Burnham on time."
"1750204","@GWRHelp shocking again cancelled trains then 2 trains worth of people crammed onto a 2 coach train #shitservice #whydoipaysomuch"
"2119998","@GWRHelp shockingly loud tannoy announcements on the 06:19 Plymouth train this morning! Absolutely no need to be at that decibel!"
"837428","Been waiting for @GWRHelp to respond to my compensation query since 14/09! You’re as delayed as your trains. Ref GWRR170913BKPZ #poorservice"
"2542517","Thank you to the kind gentleman on his way to the passport office who grabbed my phone that I left on a train at @120658 (then managed to answer it and meet me!) saved my weekend and a lot of trouble!"
"2629627","On hearing the ridiculous news that @GWRHelp have no buffet carriages on their new trains, one passenger has decided on a dirty protest and smeared sh*t over the entire toilet!! 😷 #dirtyprotest"
"2124488","@GWRHelp - just been advised that train is going to Filton AW (broken down train @84591).  Will there be transport from Filton to BPW?"
"1949557","Train delayed due to leaves on the line, oh @GWRHelp ! !"
"2189423","@GWRHelp I don't appreciate being told ""for f***s sake, I don't f**king believe it"" by your platform guard at Bath Spa. Appalling service."
"597203","@GWRHelp how can I get a refund on my travel? I waited for almost 2 hours for a train to reading. Apparently the broken down freight train broke down at 3pm yet there was minimal communication until 5pm...why?!?!? #NotSoGreatWesternRail"
"2559170","@GWRHelp why is bitterne station listed so i can pick my tickets up"
"1108111","#CowOnTheLine utter clusterfuck on @GWRHelp route to London. Recommend routing via Marylebone screwed due to broken train. Buses absent. 😡😤😡"
"490961","@GWRHelp assuming the 16:03 Bristol Parkway - London Paddington can’t be held?? On the delayed 15:41 BTM - Parkway, currently due into parkway 11 mins late at 16:03"
"992232","@GWRHelp thank you for being so honest about the change time :-D https://t.co/sDv1LOm4sB"
"2516655","On the #nightriviera heading to #Paddington. In the really nice refurbished carriage. Free hot choc and biccies too. Very impressed so far @GWRHelp"
"1661004","@GWRHelp How are the trains from Thatcham to Paddington this morning?"
"1492132","@GWRHelp 7.21 twy to pad cancelled again?! What’s going on?"
"103896","Frustrated to have missed my train, but silver lining is I get to ride the new @5960 train to Swindon. Sweet! @GWRHelp"
"111684","@GWRHelp why is the 19.05 PAD-HOT delayed?"
"111708","Great Western Railway must really want a Corbyn government 🌹 @GWRHelp #ToriesOut"
"132085","@GWRHelp Can someone please convey to the driver of the 17.18 to Hayes and Harlington from Paddington yesterday that he's an idiot for 3 times trying to close the doors in carriage 6 when at least 10 people were still trying to get off at West Ealing"
"154873","I don’t know why I bother with a standing desk at work. I get to stand morning and evening with @GWRHelp"
"471478","@GWRHelp please advise how to stop text alerts?"
"529892","@GWRHelp extremely disappointed that the Maidenhead to PAD didn’t wait for the 3 minute delayed Oxford to Maidenhead Service, especially as the trains are truncated services today. 30min wait here now and will be an hour late to my final destination now."
"534565","Train to Cardiff completely rammed. 3 coaches on a Wales international day. Way to go @GWRHelp 💩"
"556902","@GWRHelp So let me get this straight, the train is cancelled due 'one' member of the train staff can't make it.  Surely there are backups in place, in case this happens.  It's called 'Risk.'  Get your management team to look it up next time out."
"624027","@GWRHelp Hi any idea what's happening with the 16.03 Exeter St Davids to London Paddington? Thanks"
"753312","Why am I still waiting for claims for the 2 x void days at the start of July @GWRHelp ?"
"783626","Service (if you can call it that) as usual on @GWRHelp with no functioning WiFi. They are quite simply inept 😡"
"785970","@GWRHelp Hi. Just been made aware on train that my return Advance ticket on Sat 14th Pad&gt;Swa has been cancelled by u. Please confirm ASAP I can travel on peak time train on Fri 13th as website indicates instead. Weekend plans ruined!"
"894489","@GWRHelp chaos with the seats on the 09.57 to Bristol Temple Meades. No reservation slips so people thinking they have a seat being asked to move on a packed train and awkward reservation holders needing to ask people to move..."
"917820","Thank you @GWRHelp for causing me to miss my connecting train and my appointment and offering no explanation or apology! #poorservice"
"982450","@GWRHelp was told to fill this out in order to get a refund, is this correct? https://t.co/xRm5VWYdZR"
"984924","@GWRHelp I think the 0932 Fareham to bristol could of been a bit larger this morning #noroomatall #leavingpeoplebehind"
"1000599","@GWRHelp How far in advance do you release advance fares? Can't find any £15 bristol-london fares at all, regardless of date"
"1023370","@GWRHelp we're booked on 16.01 from Exeter to Paddington tomorrow. Can we use tickets on southwest trains?"
"1034001","@GWRHelp Coukd you confirm if the 07:25 Theale - Lon Pad is delayed as app says it’s cancelled at Frome, delayed and actually on time?"
"1088169","@GWRHelp what's happening with the 1904 Westbury to Salisbury train?Conflicting info online..cancelled or delayed?Reason??"
"1138612","@GWRHelp thanks for making pir journey more of a joke. 1.5 hour from PAD to BRI was 3 now a 4 hour journey because you don't have the crew!"
"1254004","@GWRHelp what's the next train from Warminster to Salisbury? One delayed and one cancelled..."
"1259448","My first experience last night on an @GWRHelp new electric train (PAD-Reading) was a comfortable and speedy one! #GWRNewTrains https://t.co/Phkap2r99e"
"1267063","@GWRHelp is there a schedule for the new train running? I'm in &amp; out of Paddington today so it'd be cool to catch it"
"1275555","@GWRHelp hi I'm getting 19:12 train to Swansea from Paddington are you expecting this train to be busy?"
"1280303","@GWRHelp any insight into why the 17.36 P’ton to M’head is delayed. The amount of info received thus far is overwhelming."
"1334779","@GWRHelp 1500 to Bristol ready nice and early. It’s the weekend!!"
"1370635","Thank so much @GWRHelp spent £100 for 3 hour delays, being crushed against a wall, being on a train so packed that somebody fainted, I need my money back #sortitout https://t.co/pqO6NEpPR3"
"1372250","@GWRhelp I'm supposed to be on a fast train, 12.56 from Ply to Padd. Why are we crawling? #alreadylate"
"1475147","OMG I saw the new @GWRHelp intercity in normal service on my way into London. Ahhh so exciting and awesome! They look so prettyyyy"
"1502574","@GWRHelp hi please can you confirm the booking horizon for advance tickets as National fail is showing November"
"1510232","@GWRHelp I reserved a facing seat and yet again travelling backwards!"
"1520792","@GWRHelp hey what’s up with the 5:03 from Gatwick to Reading. Just says “Delayed”."
"1589742","@GWRHelp Hi, I’m trying to book a train with nectar points. The website is a bit of a mess, won’t allow me to select ticket. Can I call? https://t.co/W92VA0d2bC"
"1600627","Oo new @GWRHelp Train this morning from didcot @154173 looking good! #train #tech Kept my raincoat on in case though... #toosoon? https://t.co/A4JUOsjgVM"
"1611593","@GWRHelp good customer service but why do I have to phone &amp; hold for 10 mins to get the seat reservation I want? Online booking doesn't work"
"1619919","@GWRHelp standing to London from Chipp need 30min trains on a Sun not acceptable! #paygoodmoneyforthis https://t.co/vQESZ12o9W"
"1632209","@GWRHelp Can you tell me the freepost for Refunds and Claims for compensation please?"
"1661699","Every week! every week! @GWRHelp your trains are late in North Camp to reading fed up"
"1664203","@nationalrailenq is bristol parkway station open on friday as i’m travelling to sheffield using @GWRHelp &amp; @121428"
"1673776","@GWRHelp is the 16.15 going to leave Paddington soon or should we get off and on a different train to reading"
"1696393","@GWRHelp Why are there only 2 carriages on 17:54 Bris-Cardiff? Overcrowding is ridiculous (but not at all unexpected)"
"1711240","@GWRHelp 5:30pm on a Friday Reading to Gatwick. 2 coaches....really? https://t.co/w2O4jSuDTL"
"1728420","@GWRHelp I contacted you in Sept asking for a refund for incorrectly sold tickets. U wrote to me asking to send original tix, yet no reply?"
"1751300","@GWRHelp @nationalrailenq @132078  Who is responsible for maintaining street lighting at pedestrian crossing Hunts Ground entrance to BPW?"
"1788180","Kudos to @GWRHelp we seem to be getting 4 carriages on the 17:10 from Filton, at least to Westbury. A lot less overcrowded."
"1794275","@GWRHelp Was travelling from Evesham to Lndn Pad this morning, your train terminated in Oxford and I missed my flight to compete in France!?"
"1827111","@GWRHelp Well I've just arrived at work in Bath Spa - one and a half hours late!!! I had to get a train to Chippenham and a lift via car!"
"1839149","@GWRHelp why have you split 1st class on your new train. I get on and there are no seats -have to “chance” walking through the whole train?"
"1855956","Good work @GWRHelp a penalty fare fine for your first customers on the train. Buy a ticket and spend £3.15 instead of £20.00!!! 😂"
"1880222","@GWRHelp train manager on 1713 DIG-EXD is great - cheery and funny 😊"
"1914968","@GWRHelp impolite member of staff on platform 4 at Gloucester station, do all of your staff receive customer service training or?"
"1945608","Oh &amp; thanks for charging £1.70 for the joy of walking into, looking at the board &amp; walking out of the station! @TfL @115793 @GWRHelp"
"1958313","On a @GWRHelp train from Exeter to Exmouth and it is 'sitting in the overhead baggage' only. 
Those two price increases this year went well"
"1978545","@GWRHelp a delayed train to Swindon means I miss connection, next train cancelled, 1.5 hours to then barely squeeze onto a packed train. https://t.co/4jepKK7QPU"
"2001251","@GWRHelp Hi. Booked tickets a while ago for travel tmrw. C card used has been destroyed because of fraud. How can I collect tickets tmrw?"
"2097567","@GWRHelp Are any trains running from Bristol Temple Meads to Exeter St Davids tomorrow morning, all have warning signs on the website?"
"2106244","@GWRHelp @120244 good afternoon, can you tell me why the 2119 from Bristol temple meads to Cardiff is not available for the next couple of weeks? Thanks"
"2123147","@GWRHelp 736 PAD SLO, board reads ON TIME. Time is 739, no train in sight. Late as usual"
"2133928","Coo. This refurbished @GWRHelp 158 is surprisingly nice. https://t.co/Fb8hjfBduY"
"2169352","@GWRHelp 

09.35 train departing from Langley cancelled.

09.58 train departing from Langley delayed by 12 minutes."
"2174289","Hey @GWRHelp what’s the scoop with the slow running on the 14:15 from Paddington to Cardiff central?"
"2258492","@GWRHelp hello! The 00.07 from Oxford to Didcot is delayed - am I going to make my collection to Bath? (00.28)"
"2271979","what's all this people 'saving empty seats' for their friends @GWRHelp ?"
"2273526","@GWRHelp how do I put in a complaint about station staff who are extremely unprofessional and unhelpful and then antagonise customers!!!!!!!"
"2334035","@GWRHelp could you not find a newer train to go to Cardiff ? Guess there’s no chance of a drink for 2 hours"
"2395986","@GWRHelp on brand new train Paddington to Bristol -and it's BRILLIANT!!!"
"2396578","@GWRHelp any reason for the delay on the 17.05 Portsmouth Harbour from Southampton Central?"
"2420604","@GWRHelp Hi, was expecting to get on the Plymouth at 1300, now delayed. What time do you expect departure?"
"2433572","@GWRHelp trying to book the sleeper on your website it's impossible!!"
"2466847","@GWRHelp your 19.15 from Cardiff. Would you mind awfully enforcing fire regulations. Passengers blocking Isles with suitcases. No staff #gwr"
"2494244","@GWRHelp Can I travel via Bristol Temple Meads on an IET with a Super Off Peak Return from Brighton to Cardiff?"
"2551301","Comfy mobile office @GWRHelp style....off to the big smoke #london #LAFD https://t.co/JzvgCVZZ4W"
"2561416","@GWRHelp How in 2017 is it possible that your drivers STILL do not have the common courtesy to tell us why we are going slowly or randomly stopped. #ffs stillrude"
"2566546","@GWRHelp Hi, how long does it take to refund a ticket? I've been waiting 10 days and its not an insignificant amount of ££."
"2571618","@GWRHelp 5 hours every week from Truro to Paddington.  5 hours every week back... how can I spice it up?"
"2572763","@GWRHelp I have been on a train for 50 mins that should take 30 with absolutely no explanation why!! 722 Paddington to Reading"
"2577417","This train gets worse. Closed bar at didcot and now going to throw us off at Gloucester at about 9.45pm.  Not even considering trying to help fare payers @GWRHelp #trains #ombudsman"
"2612375","@GWRHelp @SW_Help where can I get an update on the status of my refund? (Purchsed at SW, refunded at GWR) awaiting a cheque to be sent for my plus bus refund"
"2620164","@GWRHelp applied for refund after 75 mins delay to be told I was only delayed 15 mins!!Now not getting any response from you . Hopeless"
"2628083","Arg standing room only from Taunton to London Paddington @GWRHelp 😔 so no working my on the train for me!"
"2634325","@GWRHelp hi can you upgrade to first once on the train? And if yes, how?"
"2637817","Wondering why I take the train any more @GWRHelp Delayed this morning, delayed this evening. #windsor train not held. Waiting in the cold now. Reminds me, need to contact you about my last refund."
"2664740","@GWRHelp the 07:21 from Hanborough arrives 14 late full &amp; standing &amp; the 07:39 from Hanborough goes from on time to 16 late - any idea why?"
"2689783","@GWRHelp I’m on my third GWR journey in as many weekends on which reservations have been cancelled. There are rising tensions among your customers in this particular trip. Such poor service."
"2736664","@121428 when will the train from Totnes arrive in Newton Abbot? Thanks"
"2744755","@GWRHelp not a good day to travel today. Delays on the way to Paddington this morning and and now delays on the way home to Bristol with a train limping along at 50mph.  GWR you really should do better.  And I paid £150 for this privilege."
"2772461","@GWRHelp As the peak service to/from AVF/BRI is always short-formed, i am thinking of reserving seats so that you pay me compensation when I cannot sit (i.e. everyday). However, I need to have a reserved seat at the front of the front carriage (to get off at AVF). Possible?"
"2793353","Dear @GWRHelp your ticket booking website is so bad it's clearly been built over the Hellmouth."
"2796724","So, @GWRHelp, once again the 21.45 is cancelled. Can I have a refund for time served, if nothing else?"
"2811065","@GWRHelp why don't you just admit you're not going to run the 07.08 from Radley rather than endlessly advancing the dept time by two mins? Hopeless service. Should have used Chiltern - cheaper and more punctual."
"2824212","@GWRHelp Pity to only have 2 carriages on 0810 SVB-BRI this morning: temptation to wait for following service was massive. Next batch of 165s &amp; 166s hopefully in service for the new year: I did hear some might gave power points?"
"2834727","@GWRHelp can you confirm who cheques are payable to for season tickets? Thanks"
"2845245","@GWRHelp you’ve taken away two peak time fast trains for your Maidenhead customers this evening. What are you replacing them with for those people who have to be home on time?"
"2897317","@GWRHelp Will the 17:37 Oxford Ealing train be on time tonight or will it get held back 3 times again?
The suspense is too much..."
"2898684","I feel like I’m always moaning but today my train home is on time AND I was lucky to get a seat. Good times!!!! 👏👏👏 @GWRHelp"
"2932682","@GWRHelp how do I get a refund on my reserved seat in carriage C on the 7.55 Chips to Paddo? No carriage C and now standing in cattle style."
"2951292","@GWRHelp don't tell me ""more breakdowns than usual"" ah well I get a chance to stand in the cold for 1/2 hour as I couldn't get on. https://t.co/80b52Tf0ck"
"2952907","Prompt response - which is good 👍: Still no real explanation - which is not good 👎@GWRHelp https://t.co/SYhawbW9Rx"
"2977955","Could @GWRHelp tell me which trains later today are 'peak' from PAD to BTH? Got an off-peak ticket and don't want to get on wrong one."
"1450919","@GWRHelp If a train is delayed due to Signal failure(within control) and Object obstruct(out of control), Can I get a delay repay?"
"1595944","@GWRHelp how late does my train need to be, before I can claim compensation"
"2228529","@GWRHelp it's is becoming very frustrating that the 1225 from Severn tunnel junction to Bristol temple meads keeps getting cancelled. Can I claim compensation?"
"2273899","@GWRHelp Hi, please advise on how I claim compensation for a delayed train without still having the ticket? The ticket was inserted into the barrier to exit the station. Thanks"
"2574689","Once again the frustration is that, as an annual season ticket holder I can get no compensation for these delays @GWRHelp Home again very late again this week due to drivers not being available https://t.co/0W47PQkF7b"
"591575","@GWRHelp How do i go about getting a refund for a today's delays? Seeing as i didn't travel onboard your trains."
"604221","@GWRHelp we've been waiting at Paddington for two hours - can I ask if we can get a ticket refund?"
"863295","@GWRHelp My connecting train to newport was late therefore making me miss my train to taunton :) Refund pls"
"784421","@GWRHelp Hi, With the engineering works this weekend I won't be able to use my advance tickets for London to Bath. Can I get full refund? How, and what is the quickest/easiest way? Posting forms seems a bit old school :("
"974363","@GWRHelp After months waiting for a refund cheque, just had an email to say their printer has broken &amp; it'll be another 2 weeks #badservice"
"820080","@GWRHelp I have been waiting for a refund since May, with numerous excuses been given. Will I receive this before Christmas?"
"120617","@GWRHelp Can I claim for a refund on a super off peak ticket if I was delayed over an hour?"
"1179562","@GWRHelp can i get a refund on my ticket for saturday"
"915204","@GWRHelp 2 coaches only for Portsmouth loads of people standing...I want a refund"
"1403761","@GWRHelp reserved front facing return, got backwards, taps not working so soapy hands no water, seat reservations not in place. Refund plz!!"
"250889","@GWRHelp Trying to book tickets on your website but the menus in the booking form aren't working so can't select dates or destination."
"536447","@GWRHelp is your website down or having issues? I can't book a train home on the 15th December and I could the other day"
"24134","@GWRHelp Your website is saying “advanced fares released in late October”, but it's now November and still no advanced fares are showing. https://t.co/ekqOo0vDS0"
"1753891","@GWRHelp Hey I'm trying to book tickets for this weekend on your website but it keeps telling me there's a problem with your booking system?"
"25137","Hi @GWRHelp when will London-Cornwall xmas tickets be released? Website says late October. Thanks!"
"48827","@GWRHelp what is the next train to Southall after the 16:57 from EAL."
"1306643","@GWRHelp Which platform will the train go from Reading station to Gatwiick Airport at732 am"
"944571","Nice to see that you have new trains @GWRHelp Do you have a timetable for these?"
"1930492","@GWRHelp hi guys, any idea when the Christmas 2017 timetable will be available - need to book for 27&amp;28 Dec :-)"
"529884","@GWRHelp what time does the 9.13 from Paddington arrive into Cardiff? The app says 12.30 but my friend told otherwise"
"1408696","@GWRHelp I have an off peak return ticket to Southampton tomorrow, what time can I use this?"
"2087808","@GWRHelp Hi can you tell me the next train from reigate to Guildford- app suggests the next one is cancelled."
"1408697","@GWRHelp when is the next train from Exeter to Bristol"
"1948985","@GWRHelp @575798 @272021 . 2/2 Telling people to wait 86 or 125 mins for next train for people going to work is NOT appropriate."
"19024","@GWRHelp not a happy #pregnant #commuter 0503 train from Carmarthen to Manchester Piccadilly cancelled but due to issue ongoing for 2days!"
"43988","@GWRHelp what's happening with the 15:48 FIT to CDU board says cancelled a traveller on Train tells me it's left Bristol TM?"
"133160","@GWRHelp Lawrence hill to Clifton cancelled again. How am I supposed to make my 8:30am meeting?"
"109670","@GWRHelp trains were a shambles into Paddington - why are there no trains to Didcot this evening? Also when do you calll a void day - this is a disgrace? - no announcements what is happening - station empty on trains?"
"443936","@GWRHelp no trains from Cholsey to Paddington for nearly an hour now. How do I claim for this?"
"156561","I don't understand how the @GWRHelp trains are so terrible. Connections between Bristol to Cardiff are consistently delayed or cancelled and it's wasting my time and money over and over again. Terrible service. Will travel by @151960 in future!"
"63784","@GWRHelp it doesn't really work when you only switch on seat reservations halfway through the journey of the new IET. Don't bother with your own reserved seat, sit somewhere else and then, bingo, you've got to move. How hard can this be?"
"637864","Chaos in coach B on @GWRHelp 1903 service from #Paddington 2 Plymouth rammed full &amp; people who have seats reserved can't get 2 them &amp; season ticket holders who pay 000s but can't reserve seats refusing 2 move!"
"1013321","@GWRHelp was impressed with my train today from reading to Exeter had to stand all the way even though I had a reserved seat."
"1320201","@GWRHelp I booked my train to Swansea and I was in booked in coach B but the train has no coach B???"
"1940947","@GWRHelp any reason why you've given me &amp; my partner reserved seats in coach H on the 19:18 from Bath to Pad when that coach does not exist?"
"1115610","@GWRHelp my seat reservation didn't go through for tomorrow. Please help :("
"2271834","@GWRHelp seats reserved coach E. Get to train. 'No coach E' assume we get money back? Because we payed for seats and didnt get any."
"5436","@GWRHelp Hello i've left my iphone on the train, i was on 22.35 from Ealing Broadway to Langley 22.57. Can you help?"
"174901","@GWRHelp I lost my iPhone 6+ either at Bristol Templemeads or on the 23:06 train to Exeter St David, how do find it's been handed in please"
"1516718","@GWRHelp I've left my suitcase on 17:45 Pad to Swansea train. What do I do?"
"2027711","@GWRHelp I stupidly left my bicycle helmet on the 17:22 PAD:EVE this evening (at Evesham). How do I try and recover it?"
"2248961","@GWRHelp a friend of mine lost a Nikon camera last night between St Austell &amp; Penryn it's old and not worth much but had sentimental value, has it been handed in?"
"2250100","@GWRHelp Dad left a black card wallet (HSBC Premier) near seat 54 in D on 17:52 RDG to PAD. Senior railcard and loyalty cards in it"
"277005","@GWRHelp just left a bag on the 2341 from ealing to maidenhead - can you help? Thank you"
"2258476","@GWRHelp help. Just got off in Cranbrook and forgot my red suitcase on the train headed to Exeter st David's. It's completely empty."
"538421","@GWRHelp Currently on a train where everyones standing crammed in the aisles. After we boarded 1st time everyone was told to get off bc train had to be 'cleaned'. Delayed by 30 min, no seats - theres 1 person in 1st class who has 2 carriages to himself. Ticket cost £80 - bargain!"
"595863","Really @GWRHelp I took trains from London to Cardiff and back this weekend and it took me a total of more than 10 hours. No seats for most of it. Please sort out this line it's horrendous."
"913327","Glad I paid £40 to be next to a flooded toilet on @GWRHelp"
"1805005","@GWRHelp obviously standing room only (claustrophobic) on the 19.15 to swansea this eve. Wouldnt mind if it wasnt for the ££££ spent 4ticket"
"2202619","@GWRHelp why is there only two carriages on most trains from PAD to MAI when every train looks like this. I don't particularly enjoy being squashed next to the toilet #GWR #SortItOut https://t.co/TJjrotW5cW"
"1532521","@GWRHelp traveled from London to Bristol standing the entire way with rude staff to top it off. You should be ashamed #robbery"
"768227","Just boarded 7.55am from Chip - Pad and it's standing room only @GWRHelp another great journey with you! #GWRAdventures"
"2313011","Another excellent journey with @GWRHelp - who doesn't want to stand by the toilet for hours on end? And paying £60 for the pleasure...."
"2719683","It's raining. 1 ticket machine OOO. Train late. No seat reservations. Standing room only for a 2 hour trip.Thanks @GWRHelp #happymonday @61"
"90732","Took this pic while riding the marvellous Riviera Line yesterday. I've completed mission in South West England which included riding all the branch lines. Big thanks to all the helpful @GWRHelp staff and thanks for allowing me to do my photography 😀 #Devon #Dawlish #Teignmouth https://t.co/GamZrACck5"
"548799","What a lovely time at Bath Christmas Market with a good friend I don't see often enough. The station was heaving but @GWRHelp staff are doing an amazing job organising the seriously long queues for the platforms."
"548805","It's the little things! Thank you @GWRHelp for the chocolate whilst we wait 🍬 #tistheseason #bathchristmasmarket 🎄 https://t.co/q06YX0OREH"
"576130","@GWRHelp Please thank the amazing team at Bath Spa for their efficiency and cheerfulness while we queued to get onto trains yesterday. Great job!"
"478811","#firstgreatwestern thanks to the cheery guard who brightened the journey😀"
"555198","Thanks @GWRHelp https://t.co/BoWpn2DFDZ"
