"root_id","customer_text","suggested_intent","suggestion_confidence","_source","true_intent","confidence","rationale","_labeler","_labeled_at","_method"
"998736","@GWRHelp Help please!? https://t.co/TAbhYDa0rt","lost_property","0.14","natural","lost_property","medium","tfidf moderate match","auto-cascade-v1","2026-09-13T10:49:06+00:00","tfidf-med"
"2796724","So, @GWRHelp, once again the 21.45 is cancelled. Can I have a refund for time served, if nothing else?","refund_request","0.317","targeted:refund_request","refund_request","high","rule: explicit refund","auto-cascade-v1","2026-09-13T10:49:06+00:00","rule"
"2433572","@GWRHelp trying to book the sleeper on your website it's impossible!!","booking_issue","0.486","targeted:booking_issue","booking_issue","high","rule: website/booking","auto-cascade-v1","2026-09-13T10:49:06+00:00","rule"
"2462690","Same every day @GWRHelp - do you have works planned to resolve this ongoing issue? Currently creeping into #pad again. https://t.co/NDE8xksfeD","other","0.076","natural","other","low","weak TF-IDF match; falls outside defined intents","auto-cascade-v1","2026-09-13T10:49:06+00:00","tfidf-low"
"2273526","@GWRHelp how do I put in a complaint about station staff who are extremely unprofessional and unhelpful and then antagonise customers!!!!!!!","praise_or_chatter","0.174","natural","praise_or_chatter","medium","tfidf moderate match","auto-cascade-v1","2026-09-13T10:49:06+00:00","tfidf-med"
"1138612","@GWRHelp thanks for making pir journey more of a joke. 1.5 hour from PAD to BRI was 3 now a 4 hour journey because you don't have the crew!","on_board_issue","0.113","natural","praise_or_chatter","high","rule: praise","auto-cascade-v1","2026-09-13T10:49:06+00:00","rule"
"640754","@GWRHelp it’s me again... you may remember me? You made me late for work again this morning... ha ha ha great stuff. Anyways this evening im trying to get Home. You’ll never guess what, your gonna f*#k that up for me too! No trains from Paddington to Didcot! Ah GWR classic bants","service_disruption","0.139","natural","service_disruption","high","rule: live cancellation/disruption","auto-cascade-v1","2026-09-13T10:49:06+00:00","rule"
"807150","Absolutely awful service again on @GWRHelp . Doorways, aisles and even seats blocked by bikes and suitcases. Wonder what @31439 would say?","other","0.094","natural","other","low","weak TF-IDF match; falls outside defined intents","auto-cascade-v1","2026-09-13T10:49:06+00:00","tfidf-low"
"493193","Shocking cattle carrier of two coaches rammed to the rafters all the way from Exeter to Paignton (that’s an hour!) on a Friday evening to the sth west coast! Are you for real @GWRHelp ?☹️ @145773 @128411","other","0.05","natural","other","low","weak TF-IDF match; falls outside defined intents","human-verified","2026-09-13T10:49:06+00:00","tfidf-low"
"1939900","@GWRHelp 18.16 from Reading to Maidenhead, still sat at Reading, no information as to why","timetable_info","0.105","natural","timetable_info","medium","tfidf moderate match","auto-cascade-v1","2026-09-13T10:49:06+00:00","tfidf-med"
"556902","@GWRHelp So let me get this straight, the train is cancelled due 'one' member of the train staff can't make it.  Surely there are backups in place, in case this happens.  It's called 'Risk.'  Get your management team to look it up next time out.","service_disruption","0.169","natural","service_disruption","high","rule: live cancellation/disruption","auto-cascade-v1","2026-09-13T10:49:06+00:00","rule"
"2123147","@GWRHelp 736 PAD SLO, board reads ON TIME. Time is 739, no train in sight. Late as usual","timetable_info","0.116","natural","ambiguous","low","top-2 intents equally close (see sims)","auto-cascade-v1","2026-09-13T10:49:06+00:00","tfidf-ambig"
"1003234","@GWRHelp is the 18:21 WMN to CDF running?","other","0.049","natural","other","low","weak TF-IDF match; falls outside defined intents","human-verified","2026-09-13T10:49:06+00:00","tfidf-low"
"41114","@GWRHelp turn the air con off!!! It’s November. Yes you’ve squished two services together but it’s icy!! 1513 BTH to PAD coach B #brrrrr","seat_reservation","0.255","targeted:seat_reservation","seat_reservation","high","rule: seat reservation","auto-cascade-v1","2026-09-13T10:49:06+00:00","rule"
"2250056","Ignorance about ‘hidden disabilities’ on display by #Reading station staff this eve; rudeness unacceptable. @261873 @GWRHelp","praise_or_chatter","0.105","natural","ambiguous","low","top-2 intents equally close (see sims)","auto-cascade-v1","2026-09-13T10:49:06+00:00","tfidf-ambig"
"2174289","Hey @GWRHelp what’s the scoop with the slow running on the 14:15 from Paddington to Cardiff central?","other","0.087","natural","other","low","weak TF-IDF match; falls outside defined intents","auto-cascade-v1","2026-09-13T10:49:06+00:00","tfidf-low"
"2464112","@GWRHelp your service on the reading to London paddington line is shocking at the moment, everyday delayed or cancelled trains! You are becoming the new southern rail! Pathetic","service_disruption","0.232","natural","service_disruption","high","rule: live cancellation/disruption","auto-cascade-v1","2026-09-13T10:49:06+00:00","rule"
"1475147","OMG I saw the new @GWRHelp intercity in normal service on my way into London. Ahhh so exciting and awesome! They look so prettyyyy","other","0.084","natural","other","low","weak TF-IDF match; falls outside defined intents","auto-cascade-v1","2026-09-13T10:49:06+00:00","tfidf-low"
"1841160","@GWRHelp Standing from Swindon to Paddington this morning. Most seats reserved for one-off travellers what about season ticket holders?? https://t.co/SL5P96btxl","seat_reservation","0.289","natural","seat_reservation","high","tfidf strong match","auto-cascade-v1","2026-09-13T10:49:06+00:00","tfidf-high"
"785970","@GWRHelp Hi. Just been made aware on train that my return Advance ticket on Sat 14th Pad&gt;Swa has been cancelled by u. Please confirm ASAP I can travel on peak time train on Fri 13th as website indicates instead. Weekend plans ruined!","booking_issue","0.273","targeted:booking_issue","service_disruption","high","rule: live cancellation/disruption","auto-cascade-v1","2026-09-13T10:49:06+00:00","rule"
"624027","@GWRHelp Hi any idea what's happening with the 16.03 Exeter St Davids to London Paddington? Thanks","timetable_info","0.16","natural","praise_or_chatter","high","rule: praise","auto-cascade-v1","2026-09-13T10:49:06+00:00","rule"
"1570667","Cannot quite believe that I’m being forced to proceed with legal action to get a failed refund from @GWRHelp, terrible customer service","refund_request","0.328","targeted:refund_request","refund_request","high","rule: explicit refund","auto-cascade-v1","2026-09-13T10:49:06+00:00","rule"
"1315205","@GWRHelp every day 0802 from Maidenhead to Paddington leaves late &amp; arrives even later. What's excuse for this one? Will it ever improve?","other","0.065","natural","other","low","weak TF-IDF match; falls outside defined intents","human-verified","2026-09-13T10:49:06+00:00","tfidf-low"
"1290684","@GWRHelp My coat is in your  lost property at Temple Meads.I live near London.Why can't you put it on a train and send to Paddington?","delay_compensation","0.146","targeted:lost_property","lost_property","high","rule: lost item","auto-cascade-v1","2026-09-13T10:49:06+00:00","rule"
"1936233","Thanks to @GWRHelp cancelling CDF-BRI train, no trains back to Newport for over 1 hour. Do @542104 @121203 really think that's ok?","service_disruption","0.106","natural","service_disruption","high","rule: live cancellation/disruption","auto-cascade-v1","2026-09-13T10:49:06+00:00","rule"
"145571","@GWRHelp there was a train from Paddington to Cardiff last night (after 9pm) that was cancelled, I believe, but can't go back far enough on your tools to pinpoint it. Any help? Thanks.","service_disruption","0.185","natural","service_disruption","high","rule: live cancellation/disruption","auto-cascade-v1","2026-09-13T10:49:06+00:00","rule"
"782121","@GWRHelp third time this week the seat reservations have been double booked between didcot &amp; Paddington Can you sort this out please.","seat_reservation","0.149","natural","seat_reservation","medium","tfidf moderate match","auto-cascade-v1","2026-09-13T10:49:06+00:00","tfidf-med"
"759395","@GWRHelp you've cancelled the 21:27 departure from Oxford to Hanborough, as it now ends at Oxford. Any replacement service?","service_disruption","0.128","natural","service_disruption","high","rule: live cancellation/disruption","auto-cascade-v1","2026-09-13T10:49:06+00:00","rule"
"882032","@GWRHelp thanks for packing my train to the rafters, I love wallowing in sweaty pit smell, it's the start to my weekend I needed :)","other","0.084","natural","praise_or_chatter","high","rule: praise","auto-cascade-v1","2026-09-13T10:49:06+00:00","rule"
"595947","What If it is not dated for today but an open return? @GWRHelp https://t.co/iSmWwT0yg0","other","0.057","natural","other","low","weak TF-IDF match; falls outside defined intents","human-verified","2026-09-13T10:49:06+00:00","tfidf-low"
"1208104","Love a delayed train 🤔 @GWRHelp","delay_compensation","0.172","natural","delay_compensation","medium","tfidf moderate match","auto-cascade-v1","2026-09-13T10:49:06+00:00","tfidf-med"
"1728420","@GWRHelp I contacted you in Sept asking for a refund for incorrectly sold tickets. U wrote to me asking to send original tix, yet no reply?","refund_request","0.487","targeted:refund_request","refund_request","high","rule: explicit refund","auto-cascade-v1","2026-09-13T10:49:06+00:00","rule"
"1118351","13Oct @GWRHelp 0958Malvern-London CANCELLED again! 1236-London CANCELLED 1251-Weymouth DELAYED by another GWR train what's GREAT about that?","service_disruption","0.23","natural","service_disruption","high","rule: live cancellation/disruption","auto-cascade-v1","2026-09-13T10:49:06+00:00","rule"
"1611593","@GWRHelp good customer service but why do I have to phone &amp; hold for 10 mins to get the seat reservation I want? Online booking doesn't work","seat_reservation","0.157","targeted:seat_reservation","seat_reservation","high","rule: seat reservation","auto-cascade-v1","2026-09-13T10:49:06+00:00","rule"
"1188793","@GWRHelp 0644 TWY-PAD late and getting later. We are hardly moving. No info from driver. Can you enlighten? #gwr","other","0.089","natural","other","low","weak TF-IDF match; falls outside defined intents","auto-cascade-v1","2026-09-13T10:49:06+00:00","tfidf-low"
"161842","@GWRHelp Hello. Any chance of some extra carriages on rush hour services between Bath and Bristol during Christmas Market? Lots of people standing and others unable to board today due to extra visitors/shoppers.","on_board_issue","0.111","natural","on_board_issue","medium","tfidf moderate match","auto-cascade-v1","2026-09-13T10:49:06+00:00","tfidf-med"
"1817604","@GWRHelp Morning! Have you a page listing any problems caused by #Ophelia? D'you expect disruption on the SW main line, as forecasts say? Tx","other","0.048","natural","other","low","weak TF-IDF match; falls outside defined intents","human-verified","2026-09-13T10:49:06+00:00","tfidf-low"
"2018098","@GWRHelp what on earth is going on at westbury station? 😂","other","0.074","natural","other","low","weak TF-IDF match; falls outside defined intents","auto-cascade-v1","2026-09-13T10:49:06+00:00","tfidf-low"
"2464139","@GWRHelp why have there consistently been problems in the mornings from reading/Maidenhead into Paddington? Is there an end in sight?","other","0.08","natural","other","low","weak TF-IDF match; falls outside defined intents","auto-cascade-v1","2026-09-13T10:49:06+00:00","tfidf-low"
"1628119","@GWRHelp I reserved seats on the 15:16 from Kingham to London. We were given seats in coach C. Train arrives and it has 2 carriages. Explain","seat_reservation","0.394","targeted:seat_reservation","seat_reservation","high","rule: seat reservation","auto-cascade-v1","2026-09-13T10:49:06+00:00","rule"
"2847191","@GWRHelp 18:00 IEP delayed out of Paddington due to technical fault? Any idea when or if it is going? The coach I am in still thinks it is going TO Paddington!","seat_reservation","0.17","targeted:seat_reservation","seat_reservation","high","rule: seat reservation","auto-cascade-v1","2026-09-13T10:49:06+00:00","rule"
"2845245","@GWRHelp you’ve taken away two peak time fast trains for your Maidenhead customers this evening. What are you replacing them with for those people who have to be home on time?","timetable_info","0.108","natural","ambiguous","low","top-2 intents equally close (see sims)","auto-cascade-v1","2026-09-13T10:49:06+00:00","tfidf-ambig"
"2097567","@GWRHelp Are any trains running from Bristol Temple Meads to Exeter St Davids tomorrow morning, all have warning signs on the website?","booking_issue","0.207","targeted:booking_issue","booking_issue","high","rule: website/booking","auto-cascade-v1","2026-09-13T10:49:06+00:00","rule"
"1855740","@GWRHelp 
been waiting here since 7.50 for the 8.03 train to get into college.. it’s 8.32 and still no sign? with lots of kids also waiting","refund_request","0.174","natural","refund_request","medium","tfidf moderate match","auto-cascade-v1","2026-09-13T10:49:06+00:00","tfidf-med"
"2449554","@GWRHelp train at P4 PAD. Seats and window signs for BRI. Now BRI P5. All unreserved. Chaos. Well done! Why oh why??","seat_reservation","0.186","natural","praise_or_chatter","high","rule: praise","auto-cascade-v1","2026-09-13T10:49:06+00:00","rule"
"132085","@GWRHelp Can someone please convey to the driver of the 17.18 to Hayes and Harlington from Paddington yesterday that he's an idiot for 3 times trying to close the doors in carriage 6 when at least 10 people were still trying to get off at West Ealing","booking_issue","0.116","natural","ambiguous","low","top-2 intents equally close (see sims)","auto-cascade-v1","2026-09-13T10:49:06+00:00","tfidf-ambig"
"2747972","@GWRHelp Your web site is still broken, I can't book tickets! How can something so fundamental get bust in the first place and why has it taken you &gt; 1 day to fix it?","booking_issue","0.166","natural","booking_issue","high","rule: website/booking","auto-cascade-v1","2026-09-13T10:49:06+00:00","rule"
"154842","Delayed and now diverted via God only knows where (Trowbridge, Melksham and Swindon) - just another crappy Friday trip on @GWRHelp. Refund should be in order today!","refund_request","0.35","targeted:refund_request","refund_request","high","rule: explicit refund","auto-cascade-v1","2026-09-13T10:49:06+00:00","rule"
"700602","@GWRHelp are we going to move the 1536 SWI-Cheltenham today? It’s rammed, late and I’m going to miss my connection home. The London cancellations should have no bearing on this.","other","0.08","natural","other","low","weak TF-IDF match; falls outside defined intents","auto-cascade-v1","2026-09-13T10:49:06+00:00","tfidf-low"
"1267080","On board Coach K of @GWRHelp 800006. https://t.co/fYDADGzpKz","seat_reservation","0.335","targeted:seat_reservation","seat_reservation","high","rule: seat reservation","auto-cascade-v1","2026-09-13T10:49:06+00:00","rule"
"1300309","@GWRHelp Hi,can you please confirm if the 1237 Roche to Newquay is running on Sat Nov. 4th &amp; the 1112 Newquay to Par on Sun Nov. 5th thanks!","timetable_info","0.127","natural","praise_or_chatter","high","rule: praise","auto-cascade-v1","2026-09-13T10:49:06+00:00","rule"
"2423181","Hi @GWRHelp, are standard class passengers not able to even walk through First Class to get to the right carriage anymore?","other","0.045","natural","other","low","weak TF-IDF match; falls outside defined intents","human-verified","2026-09-13T10:49:06+00:00","tfidf-low"
"2022953","@GWRHelp I asked for urgent info as if 0932 BPW-PAD severely delayed need to let colleagues know NOW. You haven’t bothered to reply!","delay_compensation","0.107","natural","delay_compensation","medium","tfidf moderate match","auto-cascade-v1","2026-09-13T10:49:06+00:00","tfidf-med"
"595877","Brilliant. Another delayed @GWRHelp train costs me an hour of my life. Monopolised scum, it truly is.","delay_compensation","0.19","natural","praise_or_chatter","high","rule: praise","auto-cascade-v1","2026-09-13T10:49:06+00:00","rule"
"121436","@GWRHelp the 22.21 Paddington to Bedwyn is showing as delayed boarding 7 mins late. Please can you request that Maidenhead hold the connection to Marlow to allow people like me to get home on this cold evening. Thank you","delay_compensation","0.104","natural","praise_or_chatter","high","rule: praise","auto-cascade-v1","2026-09-13T10:49:06+00:00","rule"
"1855474",".@GWRHelp loads of people stood up but not allowed to access empty first class seats. Why don't you put passengers first &amp; #scrapfirstclass? https://t.co/r5GVXRnOgJ","seat_reservation","0.114","natural","seat_reservation","medium","tfidf moderate match","auto-cascade-v1","2026-09-13T10:49:06+00:00","tfidf-med"
"2617383","Oh the rage when someone is having a phone conversation in the quiet carriage! I don’t want to hear your business conversation you imbecile!!! @GWRHelp is it acceptable to throw hummus? 😉","other","0.046","natural","other","low","weak TF-IDF match; falls outside defined intents","human-verified","2026-09-13T10:49:06+00:00","tfidf-low"
"1280303","@GWRHelp any insight into why the 17.36 P’ton to M’head is delayed. The amount of info received thus far is overwhelming.","lost_property","0.106","natural","lost_property","medium","tfidf moderate match","auto-cascade-v1","2026-09-13T10:49:06+00:00","tfidf-med"
"534565","Train to Cardiff completely rammed. 3 coaches on a Wales international day. Way to go @GWRHelp 💩","other","0.073","natural","other","low","weak TF-IDF match; falls outside defined intents","auto-cascade-v1","2026-09-13T10:49:06+00:00","tfidf-low"
"853495","@gwrhelp lost a file on the delayed 9am Paddington to Bristol Temple Mead today if anyone has it? Please help. Have reported.","lost_property","0.137","natural","lost_property","high","rule: lost item","auto-cascade-v1","2026-09-13T10:49:06+00:00","rule"
"119084","@GWRHelp why so many cancellations and delays this week?","other","0.074","natural","other","low","weak TF-IDF match; falls outside defined intents","auto-cascade-v1","2026-09-13T10:49:06+00:00","tfidf-low"
"2897317","@GWRHelp Will the 17:37 Oxford Ealing train be on time tonight or will it get held back 3 times again?
The suspense is too much...","lost_property","0.171","natural","lost_property","medium","tfidf moderate match","auto-cascade-v1","2026-09-13T10:49:06+00:00","tfidf-med"
"544280","@GWRHelp hi. website says adv tx from pad/rdg to exe/pnz now avail until 17/5/18. so why when trying to book pad-pnz on 4may does it say ""only avail 3 months in advance""?","booking_issue","0.295","targeted:booking_issue","booking_issue","high","tfidf strong match","auto-cascade-v1","2026-09-13T10:49:06+00:00","tfidf-high"
"1203047","@GWRHelp 4 days ago your train manager charged me for a ticket in error, he then made a refund which is still not in my account, how long?","refund_request","0.36","targeted:refund_request","refund_request","high","rule: explicit refund","auto-cascade-v1","2026-09-13T10:49:06+00:00","rule"
"974663","@GWRHelp someone might want to look at your website... no long distance services at Paddington isn't a 'generally good service'! https://t.co/yaku4r4GuH","booking_issue","0.251","targeted:booking_issue","booking_issue","high","rule: website/booking","auto-cascade-v1","2026-09-13T10:49:06+00:00","rule"
"1512592","@GWRHelp Hi, please could you confirm if any advance tickets will be available from Paddington to Plymouth on 23 Dec? Thanks","other","0.086","natural","praise_or_chatter","high","rule: praise","auto-cascade-v1","2026-09-13T10:49:06+00:00","rule"
"131440","@GWRHelp yet again I need to find an alternative, more expensive, way to get to work as I will miss my connecting train.  When will the 07:12 from Crowthorne actually be the 07:12?","timetable_info","0.121","targeted:timetable_info","timetable_info","medium","tfidf moderate match","auto-cascade-v1","2026-09-13T10:49:06+00:00","tfidf-med"
"724676","@GWRHelp I'm on a train heading from London and almost at Maidenhead and there is a bag on the seat unattended.  I'm in the front of the second carriage","lost_property","0.136","natural","ambiguous","low","top-2 intents equally close (see sims)","auto-cascade-v1","2026-09-13T10:49:06+00:00","tfidf-ambig"
"2468985","@GWRHelp just been sitting on a train heading to Ealing Broadway, seconds before it’s due to leave it’s announced that it’s going fast to West Drayton! I can’t believe that will save any time and all you’ve done is lose a customer as I’m fed up with your service!","lost_property","0.138","natural","lost_property","medium","tfidf moderate match","auto-cascade-v1","2026-09-13T10:49:06+00:00","tfidf-med"
"2551301","Comfy mobile office @GWRHelp style....off to the big smoke #london #LAFD https://t.co/JzvgCVZZ4W","other","0.078","natural","other","low","weak TF-IDF match; falls outside defined intents","auto-cascade-v1","2026-09-13T10:49:06+00:00","tfidf-low"
"2634325","@GWRHelp hi can you upgrade to first once on the train? And if yes, how?","timetable_info","0.189","natural","timetable_info","medium","tfidf moderate match","auto-cascade-v1","2026-09-13T10:49:06+00:00","tfidf-med"
"1434588","@GWRHelp: Can I get a reservation on this afternoon’s 16:45 from RDG to PAD please. Reservations closing in nine mins...thanks!","other","0.093","natural","praise_or_chatter","high","rule: praise","auto-cascade-v1","2026-09-13T10:49:06+00:00","rule"
"2977955","Could @GWRHelp tell me which trains later today are 'peak' from PAD to BTH? Got an off-peak ticket and don't want to get on wrong one.","other","0.096","natural","other","low","weak TF-IDF match; falls outside defined intents","auto-cascade-v1","2026-09-13T10:49:06+00:00","tfidf-low"
"1673776","@GWRHelp is the 16.15 going to leave Paddington soon or should we get off and on a different train to reading","timetable_info","0.212","natural","timetable_info","high","tfidf strong match","auto-cascade-v1","2026-09-13T10:49:06+00:00","tfidf-high"
"1253988","@GWRHelp what happened to the 1937 bath spa to fareham? Feeling cold and miserable ☹","praise_or_chatter","0.132","natural","praise_or_chatter","medium","tfidf moderate match","auto-cascade-v1","2026-09-13T10:49:06+00:00","tfidf-med"
"1096341","@GWRHelp - thank you for holding the 21.31 from Exeter St Davids to Exmouth tonight to wait for the late running London train 😇","timetable_info","0.123","natural","praise_or_chatter","high","rule: praise","auto-cascade-v1","2026-09-13T10:49:06+00:00","rule"
"582246","@GWRHelp So I’m sat on the stalled 12.30 train to Bristol at Chippenham, &amp; will miss my connection to Cardiff to watch a show. I presume you’ll reimburse my show tickets? Email address please...","timetable_info","0.134","targeted:refund_request","refund_request","high","rule: explicit refund","auto-cascade-v1","2026-09-13T10:49:06+00:00","rule"
"1127455","@GWRHelp I'm on 1500 Swindon to Oxford, arriving 1540. Have you arranged with @140497 so we can change on to 1541 to Marylebone?","other","0.061","natural","other","low","weak TF-IDF match; falls outside defined intents","human-verified","2026-09-13T10:49:06+00:00","tfidf-low"
"2100281","@GWRHelp joke again your service, two carriages on stj to btm and 10 if us left behind! No help given!","lost_property","0.182","targeted:lost_property","lost_property","medium","tfidf moderate match","auto-cascade-v1","2026-09-13T10:49:06+00:00","tfidf-med"
"543036","Looking forward to next week - have a packed week meeting with the @GWRHelp #GWRTrains team talking #WestCountry... https://t.co/TRrTG3c3dA","other","0.043","natural","on_board_issue","high","rule: onboard condition","auto-cascade-v1","2026-09-13T10:49:06+00:00","rule"
"22652","@GWRHelp why is everything delayed this morning again?","delay_compensation","0.146","natural","delay_compensation","medium","tfidf moderate match","auto-cascade-v1","2026-09-13T10:49:06+00:00","tfidf-med"
"2697598","Top marks to @GWRHelp staff and coach staff who have stepped in to cover @121428 industrial action.","seat_reservation","0.223","natural","seat_reservation","high","tfidf strong match","auto-cascade-v1","2026-09-13T10:49:06+00:00","tfidf-high"
"133135","@GWRHelp hi, why is the 07.53 TWY-PAD crawling? What time are we due into PAD? Late again?!","other","0.096","targeted:timetable_info","timetable_info","high","rule: timetable/next train","auto-cascade-v1","2026-09-13T10:49:06+00:00","rule"
"1619927","@GWRHelp lovely weekend away ruined right at the end by your TERRIBLE SERVICE. train from bath to Paddington-standing for the whole thing?!","service_disruption","0.13","natural","ambiguous","low","top-2 intents equally close (see sims)","auto-cascade-v1","2026-09-13T10:49:06+00:00","tfidf-ambig"
"1073073","@GWRHelp too busy patting themselves on the back over the new trains that don't work properly. GWR are a disgrace.","service_disruption","0.115","natural","ambiguous","low","top-2 intents equally close (see sims)","auto-cascade-v1","2026-09-13T10:49:06+00:00","tfidf-ambig"
"1019111","@GWRHelp i'm travelling from Penryn to Plymouth tomorrow and was wondering if i could take my surfboard on the train, can i do this?","seat_reservation","0.132","natural","seat_reservation","medium","tfidf moderate match","auto-cascade-v1","2026-09-13T10:49:06+00:00","tfidf-med"
"1904787","@GWRHelp @120244 Morning. Are any additional trains being put on between Cardiff and Swansea on Sat night for the boxing?","other","0.089","natural","other","low","weak TF-IDF match; falls outside defined intents","auto-cascade-v1","2026-09-13T10:49:06+00:00","tfidf-low"
"2793353","Dear @GWRHelp your ticket booking website is so bad it's clearly been built over the Hellmouth.","booking_issue","0.53","targeted:booking_issue","booking_issue","high","tfidf strong match","auto-cascade-v1","2026-09-13T10:49:06+00:00","tfidf-high"
"1827111","@GWRHelp Well I've just arrived at work in Bath Spa - one and a half hours late!!! I had to get a train to Chippenham and a lift via car!","praise_or_chatter","0.104","natural","ambiguous","low","top-2 intents equally close (see sims)","auto-cascade-v1","2026-09-13T10:49:06+00:00","tfidf-ambig"
"2828411","This delayed trains business is not very fun #ColdConcreteOffice @GWRHelp https://t.co/rROhTjHvIK","service_disruption","0.154","natural","service_disruption","medium","tfidf moderate match","auto-cascade-v1","2026-09-13T10:49:06+00:00","tfidf-med"
"446419","@GWRHelp  was first person in carriage on 18.47 from Padd and had full choice of seats, but because you didn't put out reserved signs I got bumped off at last minute and have to stand, what are you going to do, refund my ticket?","refund_request","0.274","natural","refund_request","high","rule: explicit refund","auto-cascade-v1","2026-09-13T10:49:06+00:00","rule"
"2744755","@GWRHelp not a good day to travel today. Delays on the way to Paddington this morning and and now delays on the way home to Bristol with a train limping along at 50mph.  GWR you really should do better.  And I paid £150 for this privilege.","other","0.094","natural","other","low","weak TF-IDF match; falls outside defined intents","auto-cascade-v1","2026-09-13T10:49:06+00:00","tfidf-low"
"69045","@GWRHelp the conductor on the 9:23 from Exmouth has an utterly disgusting attitude and has just humiliated me on a packed train #Ableism","other","0.097","natural","on_board_issue","high","rule: onboard condition","auto-cascade-v1","2026-09-13T10:49:06+00:00","rule"
"1177214","@GWRHelp we were told specifically at Taunton station that we couldn't travel on a different train, now we've just seen this on your website https://t.co/CSq3Dhx54i","booking_issue","0.227","natural","booking_issue","high","rule: website/booking","auto-cascade-v1","2026-09-13T10:49:06+00:00","rule"
"2275104","Appalling service from @GWRHelp - not telling us until after Filton that the already 45 minutes late train was skipping Temple Meads, instead forcing people to change at Bath, which takes longer. Train from Bath is running late too of course.","delay_compensation","0.215","natural","delay_compensation","high","tfidf strong match","auto-cascade-v1","2026-09-13T10:49:06+00:00","tfidf-high"
"2494244","@GWRHelp Can I travel via Bristol Temple Meads on an IET with a Super Off Peak Return from Brighton to Cardiff?","delay_compensation","0.11","natural","ambiguous","low","top-2 intents equally close (see sims)","auto-cascade-v1","2026-09-13T10:49:06+00:00","tfidf-ambig"
"1711240","@GWRHelp 5:30pm on a Friday Reading to Gatwick. 2 coaches....really? https://t.co/w2O4jSuDTL","other","0.049","natural","other","low","weak TF-IDF match; falls outside defined intents","human-verified","2026-09-13T10:49:06+00:00","tfidf-low"
"174072","Another late/delayed @GWRHelp train. I've had atleast one late/delayed train for the past 3 weeks.","delay_compensation","0.227","natural","delay_compensation","high","tfidf strong match","auto-cascade-v1","2026-09-13T10:49:06+00:00","tfidf-high"
"2620164","@GWRHelp applied for refund after 75 mins delay to be told I was only delayed 15 mins!!Now not getting any response from you . Hopeless","refund_request","0.212","targeted:refund_request","refund_request","high","rule: explicit refund","auto-cascade-v1","2026-09-13T10:49:06+00:00","rule"
"1561409","@GWRHelp Morning, is the HRW Connect service running as normal today? Aiming to catch 12.11 West Ealing to Paddington later if poss. Cheers","other","0.099","natural","praise_or_chatter","high","rule: praise","auto-cascade-v1","2026-09-13T10:49:06+00:00","rule"
"1632209","@GWRHelp Can you tell me the freepost for Refunds and Claims for compensation please?","delay_compensation","0.239","natural","delay_compensation","high","tfidf strong match","auto-cascade-v1","2026-09-13T10:49:06+00:00","tfidf-high"
"1589742","@GWRHelp Hi, I’m trying to book a train with nectar points. The website is a bit of a mess, won’t allow me to select ticket. Can I call? https://t.co/W92VA0d2bC","booking_issue","0.448","targeted:booking_issue","booking_issue","high","rule: website/booking","auto-cascade-v1","2026-09-13T10:49:06+00:00","rule"
"810043","standard response @gwrhelp &amp; it’s not your fault (ie the cust serv person reading this) but pls understand we’re asking a specific question https://t.co/xjdYmMnLuF","other","0.053","natural","other","low","weak TF-IDF match; falls outside defined intents","human-verified","2026-09-13T10:49:06+00:00","tfidf-low"
"1313747","@GWRHelp Frustrating and unprecedented inconvenience f customers that pay such significant amounts t your company &amp; receive this service 2/2","other","0.071","natural","other","low","weak TF-IDF match; falls outside defined intents","auto-cascade-v1","2026-09-13T10:49:06+00:00","tfidf-low"
"2113302","Gd news guys standing rm only on 16:15 from Pad 2 Ssea but the buffet is open! Seriously @GWRHelp get your priorities right.","on_board_issue","0.108","natural","on_board_issue","medium","tfidf moderate match","auto-cascade-v1","2026-09-13T10:49:06+00:00","tfidf-med"
"2386768","@GWRHelp Do you have a phone number or email address for your marketing department we can use?","other","0.053","natural","other","low","weak TF-IDF match; falls outside defined intents","human-verified","2026-09-13T10:49:06+00:00","tfidf-low"
"1873942","@GWRHelp 06:26 Blackwater to Guildford late every day this week missed connection 0653 Guildford to London Waterloo three times! 😤😤","delay_compensation","0.15","natural","delay_compensation","medium","tfidf moderate match","auto-cascade-v1","2026-09-13T10:49:06+00:00","tfidf-med"
"1232560","@gwrhelp are trains running Oxford to slough on 4 Nov? What engineering works will affect trains. I find the PDF on your website inscrutable","booking_issue","0.222","targeted:booking_issue","service_disruption","high","rule: live cancellation/disruption","auto-cascade-v1","2026-09-13T10:49:06+00:00","rule"
"1788180","Kudos to @GWRHelp we seem to be getting 4 carriages on the 17:10 from Filton, at least to Westbury. A lot less overcrowded.","on_board_issue","0.117","natural","on_board_issue","medium","tfidf moderate match","auto-cascade-v1","2026-09-13T10:49:06+00:00","tfidf-med"
"594473","@GWRHelp will off peak tickets bought for today be valid for use tomorrow at rush hour???","other","0.088","natural","other","low","weak TF-IDF match; falls outside defined intents","auto-cascade-v1","2026-09-13T10:49:06+00:00","tfidf-low"
"1661699","Every week! every week! @GWRHelp your trains are late in North Camp to reading fed up","other","0.081","natural","other","low","weak TF-IDF match; falls outside defined intents","auto-cascade-v1","2026-09-13T10:49:06+00:00","tfidf-low"
"2244762","@GWRHelp we are sorry to announce...chippenham To Paddington... Delayed 22 minutes..24 minutes..28 minutes...30 minutes...grrr, just tell us the actual delay ffs","delay_compensation","0.144","natural","delay_compensation","medium","tfidf moderate match","auto-cascade-v1","2026-09-13T10:49:06+00:00","tfidf-med"
"477869","@GWRHelp Recieved horrendous customer service from your staff at Paddington today. You have your customers over a barrel and you know it.","on_board_issue","0.103","natural","ambiguous","low","top-2 intents equally close (see sims)","auto-cascade-v1","2026-09-13T10:49:06+00:00","tfidf-ambig"
"783626","Service (if you can call it that) as usual on @GWRHelp with no functioning WiFi. They are quite simply inept 😡","other","0.079","natural","other","low","weak TF-IDF match; falls outside defined intents","auto-cascade-v1","2026-09-13T10:49:06+00:00","tfidf-low"
"2689783","@GWRHelp I’m on my third GWR journey in as many weekends on which reservations have been cancelled. There are rising tensions among your customers in this particular trip. Such poor service.","service_disruption","0.169","natural","service_disruption","high","rule: live cancellation/disruption","auto-cascade-v1","2026-09-13T10:49:06+00:00","rule"
"580700","Love the new @GWRHelp livery. Haven't been on one yet, does the interior look as distinguished as the exterior?","other","0.063","natural","praise_or_chatter","high","rule: praise","auto-cascade-v1","2026-09-13T10:49:06+00:00","rule"
"1088169","@GWRHelp what's happening with the 1904 Westbury to Salisbury train?Conflicting info online..cancelled or delayed?Reason??","service_disruption","0.191","natural","service_disruption","high","rule: live cancellation/disruption","auto-cascade-v1","2026-09-13T10:49:06+00:00","rule"
"2514816","@GWRHelp some people would love to get to work on time, maybe just once this year will a train leave southall on time 🤷🏽‍♀️ https://t.co/NC3tcMZwXF","timetable_info","0.199","natural","timetable_info","medium","tfidf moderate match","auto-cascade-v1","2026-09-13T10:49:06+00:00","tfidf-med"
"838857","@GWRHelp hi, will the 0144 Paddington to Maidenhead tonight have a rail replacement service meeting it to continue on to Reading?","other","0.085","natural","other","low","weak TF-IDF match; falls outside defined intents","auto-cascade-v1","2026-09-13T10:49:06+00:00","tfidf-low"
"480894","@GWRHelp hey i ordered some tickets on 21st and I opted to have them posted but they haven't arrived. Could someone look in to it for me please?","booking_issue","0.111","natural","booking_issue","medium","tfidf moderate match","auto-cascade-v1","2026-09-13T10:49:06+00:00","tfidf-med"
"2336670","@GWRHelp Good morning, v wet/windy in Somerset. Can you confirm trains from Castle Cary to London will be running on time? 6.36 and 7.27?","timetable_info","0.141","natural","timetable_info","medium","tfidf moderate match","auto-cascade-v1","2026-09-13T10:49:06+00:00","tfidf-med"
"1972615","@GWRHelp it was late, short formed and standing room only. When is this service going to run normally with 5 cars ? https://t.co/jbriCb6xLN","on_board_issue","0.191","targeted:on_board_issue","on_board_issue","high","rule: onboard condition","auto-cascade-v1","2026-09-13T10:49:06+00:00","rule"
"2124466","@GWRHelp be good to know how long you think it’s going to be until the train blocking the line at Filton is going to take to be moved? Been over an hour now.","other","0.09","natural","other","low","weak TF-IDF match; falls outside defined intents","auto-cascade-v1","2026-09-13T10:49:06+00:00","tfidf-low"
"1209650","@GWRHelp one ticket machine at Burnham station? Come on bruv sort it out","other","0.081","natural","other","low","weak TF-IDF match; falls outside defined intents","auto-cascade-v1","2026-09-13T10:49:06+00:00","tfidf-low"
"580725","@GWRHelp purchased advance MAI to Bath Spa via RDG. 10:31 to RDG. cancelled. I complete my part of the contract in good faith, keep up yours please. Will be claiming refund as matter of principle. Shocking service.","refund_request","0.221","targeted:refund_request","refund_request","high","rule: explicit refund","auto-cascade-v1","2026-09-13T10:49:06+00:00","rule"
"1690006","@GWRHelp hi, I'm waiting for a cheque to arrive from you. Could you let me know if it has been sent yet? I have a reference number.","refund_request","0.103","natural","refund_request","medium","tfidf moderate match","auto-cascade-v1","2026-09-13T10:49:06+00:00","tfidf-med"
"1346119","@GWRHelp hi, do you have a sleeper train from Pad to PZ next Thurs please???","timetable_info","0.1","natural","ambiguous","low","top-2 intents equally close (see sims)","auto-cascade-v1","2026-09-13T10:49:06+00:00","tfidf-ambig"
"471478","@GWRHelp please advise how to stop text alerts?","other","0.056","natural","other","low","weak TF-IDF match; falls outside defined intents","human-verified","2026-09-13T10:49:06+00:00","tfidf-low"
"2233349","@GWRHelp is the 1630 Pad -&gt; Taunton completely reserved? I’m in coach K and nobody is moving down to the other 5 carriages.","seat_reservation","0.303","natural","seat_reservation","high","rule: seat reservation","auto-cascade-v1","2026-09-13T10:49:06+00:00","rule"
"846286",".@GWRHelp Very weird that the ticket I want for tomorrow is just not possible, yet other online companies can do this.","booking_issue","0.105","natural","booking_issue","medium","tfidf moderate match","auto-cascade-v1","2026-09-13T10:49:06+00:00","tfidf-med"
"2133928","Coo. This refurbished @GWRHelp 158 is surprisingly nice. https://t.co/Fb8hjfBduY","other","0.084","natural","other","low","weak TF-IDF match; falls outside defined intents","auto-cascade-v1","2026-09-13T10:49:06+00:00","tfidf-low"
"1958313","On a @GWRHelp train from Exeter to Exmouth and it is 'sitting in the overhead baggage' only. 
Those two price increases this year went well","timetable_info","0.152","natural","timetable_info","medium","tfidf moderate match","auto-cascade-v1","2026-09-13T10:49:06+00:00","tfidf-med"
"1546932","@GWRHelp I've left a leaving card with a voucher for a meal on your 23.42 out of Paddington to Oxford. I got off at Maidenhead","lost_property","0.225","targeted:lost_property","lost_property","high","rule: lost item","auto-cascade-v1","2026-09-13T10:49:06+00:00","rule"
"2534231","@GWRHelp @ just 2 coaches rescued from a museum for Portsmouth to Brighton. Rubbish.","other","0.068","natural","other","low","weak TF-IDF match; falls outside defined intents","auto-cascade-v1","2026-09-13T10:49:06+00:00","tfidf-low"
"1566584","loving the new trains @GWRHelp - even smells new! 😍 https://t.co/A8Gfdj9AN1","timetable_info","0.107","natural","timetable_info","medium","tfidf moderate match","auto-cascade-v1","2026-09-13T10:49:06+00:00","tfidf-med"
"1960303","@GWRHelp any estimate of when services will resume around NBY? 20:10 from TVP to PAD been stuck at PEW a while now. Facing a late night!","other","0.093","natural","other","low","weak TF-IDF match; falls outside defined intents","auto-cascade-v1","2026-09-13T10:49:06+00:00","tfidf-low"
"2697643","@GWRHelp GWR violates passenger charter by not honouring #delayrepay 
#passengercharter #shitservice","other","0.061","natural","delay_compensation","high","rule: delay repay/compensation","auto-cascade-v1","2026-09-13T10:49:06+00:00","rule"
"1619919","@GWRHelp standing to London from Chipp need 30min trains on a Sun not acceptable! #paygoodmoneyforthis https://t.co/vQESZ12o9W","on_board_issue","0.164","natural","on_board_issue","medium","tfidf moderate match","auto-cascade-v1","2026-09-13T10:49:06+00:00","tfidf-med"
"1023370","@GWRHelp we're booked on 16.01 from Exeter to Paddington tomorrow. Can we use tickets on southwest trains?","timetable_info","0.135","natural","timetable_info","medium","tfidf moderate match","auto-cascade-v1","2026-09-13T10:49:06+00:00","tfidf-med"
"59200","#really https://t.co/ICrWwBRkY6","other","0.048","natural","other","low","weak TF-IDF match; falls outside defined intents","human-verified","2026-09-13T10:49:06+00:00","tfidf-low"
"1806831","@GWRHelp is the 9.42 Oxford Marlybone train being held to wait for the late Bristol train please.","delay_compensation","0.139","natural","ambiguous","low","top-2 intents equally close (see sims)","auto-cascade-v1","2026-09-13T10:49:06+00:00","tfidf-ambig"
"1786857","@GWRHelp is there some sort of route for official complaints about service? 16.22 from Bristol TM is a joke.","other","0.087","natural","other","low","weak TF-IDF match; falls outside defined intents","auto-cascade-v1","2026-09-13T10:49:06+00:00","tfidf-low"
"2221732","@gwrhelp 15.29 Swansea to Paddington leaking through most windows in my carriage. Plus some aisle seats. Not good on a train in Wales.","seat_reservation","0.135","natural","ambiguous","low","top-2 intents equally close (see sims)","auto-cascade-v1","2026-09-13T10:49:06+00:00","tfidf-ambig"
"751442","@GWRHelp hi are doing anything on Saturday to help people get to Guildford for the University open day given the issues at Reading?","timetable_info","0.112","natural","timetable_info","medium","tfidf moderate match","auto-cascade-v1","2026-09-13T10:49:06+00:00","tfidf-med"
"1884566","@GWRHelp - still waiting for 4 days for seat reservation confirmation - doesn't help for over-crowded peak-hours. please resolve soonest.","seat_reservation","0.171","natural","seat_reservation","high","rule: seat reservation","auto-cascade-v1","2026-09-13T10:49:06+00:00","rule"
"1897157","@GWRHelp how to get a ticket when station closed and ticket machine out of order. Trying to get from burnham to Reading @329647","booking_issue","0.149","natural","booking_issue","medium","tfidf moderate match","auto-cascade-v1","2026-09-13T10:49:06+00:00","tfidf-med"
"103896","Frustrated to have missed my train, but silver lining is I get to ride the new @5960 train to Swindon. Sweet! @GWRHelp","delay_compensation","0.169","natural","delay_compensation","medium","tfidf moderate match","auto-cascade-v1","2026-09-13T10:49:06+00:00","tfidf-med"
"2513795","Loving my Return to school. Stood in gangway between carriages on moving floor. Best way to start a Monday in2 Coach crammed mess @GWRHelp","seat_reservation","0.208","natural","on_board_issue","high","rule: onboard condition","auto-cascade-v1","2026-09-13T10:49:06+00:00","rule"
"123664","@GWRHelp any idea when the train we are on will get in to Bristol parkway? It's the 22.45 Paddington to Swansea https://t.co/aVUuFxffoH","lost_property","0.146","natural","lost_property","medium","tfidf moderate match","auto-cascade-v1","2026-09-13T10:49:06+00:00","tfidf-med"
"2313042","Hello @GWRHelp why was coach d taken off the 1601 Exeter-Paddington? Train is now ridiculously overcrowded.","seat_reservation","0.245","targeted:seat_reservation","seat_reservation","high","rule: seat reservation","auto-cascade-v1","2026-09-13T10:49:06+00:00","rule"
"2682814","@GWRHelp - is the second part of my journey running? I can't see that the train to Salisbury is running and not sure what to do as I have an advance ticket... currently sat on the bus replacement to Bristol... help?! https://t.co/phrDkhW7Wx","other","0.099","natural","other","low","weak TF-IDF match; falls outside defined intents","auto-cascade-v1","2026-09-13T10:49:06+00:00","tfidf-low"
"2601797","@GWRHelp So 1A04. New IEP running the service. But.... Always late. I.e. today very late. What's happening? Thought it was meant to be faster. Also. Please stop calling at unplanned stations to show off the train. I know it's pretty but I have work to go to :) K thnx bye","timetable_info","0.111","natural","ambiguous","low","top-2 intents equally close (see sims)","auto-cascade-v1","2026-09-13T10:49:06+00:00","tfidf-ambig"
"1561735","The Cardiff City fans have left the train in a state! But don’t worry guys. I tidied up @GWRHelp https://t.co/NBN189YqY0","lost_property","0.187","targeted:lost_property","lost_property","medium","tfidf moderate match","auto-cascade-v1","2026-09-13T10:49:06+00:00","tfidf-med"
"2822529","@GWRHelp Hi. Forgot my season ticket so had to buy a ticket - how does it work getting this refunded?","delay_compensation","0.179","targeted:lost_property","delay_compensation","medium","tfidf moderate match","auto-cascade-v1","2026-09-13T10:49:06+00:00","tfidf-med"
"1952687","@GWRHelp it is half-term. A carriage is missing on the 2.04 paddington service. How is that possible! So many people standing! Refund?","refund_request","0.336","targeted:refund_request","refund_request","high","rule: explicit refund","auto-cascade-v1","2026-09-13T10:49:06+00:00","rule"
"2332321","@GWRHelp Morning.  I got an alert that 0621 Twy to Pad cancelled but not 0653. Can you feed back pls. Also what happened to the 53?","service_disruption","0.16","natural","service_disruption","high","rule: live cancellation/disruption","auto-cascade-v1","2026-09-13T10:49:06+00:00","rule"
"1400988","@441906 @58398 that's how we want to see us play , awesome second half team performance , happy trip back to Cornwall now on @GWRHelp","other","0.041","natural","other","low","weak TF-IDF match; falls outside defined intents","human-verified","2026-09-13T10:49:06+00:00","tfidf-low"
"1317126","@GWRHelp I’m on the (late) 8:24 from Bristol to Cardiff. Can you confirm it’s stopping at Filton? The onboard messages say it’s not.","other","0.07","natural","other","low","weak TF-IDF match; falls outside defined intents","auto-cascade-v1","2026-09-13T10:49:06+00:00","tfidf-low"
"1370635","Thank so much @GWRHelp spent £100 for 3 hour delays, being crushed against a wall, being on a train so packed that somebody fainted, I need my money back #sortitout https://t.co/pqO6NEpPR3","other","0.099","targeted:refund_request","refund_request","high","rule: explicit refund","auto-cascade-v1","2026-09-13T10:49:06+00:00","rule"
"2271979","what's all this people 'saving empty seats' for their friends @GWRHelp ?","seat_reservation","0.174","natural","seat_reservation","medium","tfidf moderate match","auto-cascade-v1","2026-09-13T10:49:06+00:00","tfidf-med"
"1334779","@GWRHelp 1500 to Bristol ready nice and early. It’s the weekend!!","other","0.076","natural","other","low","weak TF-IDF match; falls outside defined intents","auto-cascade-v1","2026-09-13T10:49:06+00:00","tfidf-low"
"1751300","@GWRHelp @nationalrailenq @132078  Who is responsible for maintaining street lighting at pedestrian crossing Hunts Ground entrance to BPW?","other","0.0","natural","other","low","weak TF-IDF match; falls outside defined intents","human-verified","2026-09-13T10:49:06+00:00","tfidf-low"
"733207","@GWRHelp 9:27 from PAD delayed because driver not allowed to drive without a break. Do you have only one driver for this service?","other","0.075","natural","other","low","weak TF-IDF match; falls outside defined intents","auto-cascade-v1","2026-09-13T10:49:06+00:00","tfidf-low"
"1259448","My first experience last night on an @GWRHelp new electric train (PAD-Reading) was a comfortable and speedy one! #GWRNewTrains https://t.co/Phkap2r99e","lost_property","0.108","natural","ambiguous","low","top-2 intents equally close (see sims)","auto-cascade-v1","2026-09-13T10:49:06+00:00","tfidf-ambig"
"1590217","@GWRHelp been waiting for a train from Oldfield Park to Fulton AW since 8.25 no trains and no information! Can anyone tell us anything??","refund_request","0.112","natural","service_disruption","high","rule: live cancellation/disruption","auto-cascade-v1","2026-09-13T10:49:06+00:00","rule"
"1664203","@nationalrailenq is bristol parkway station open on friday as i’m travelling to sheffield using @GWRHelp &amp; @121428","service_disruption","0.108","natural","service_disruption","medium","tfidf moderate match","auto-cascade-v1","2026-09-13T10:49:06+00:00","tfidf-med"
"733248","@GWRHelp Bloody ridiculous 07:53 TWY-PAD again 3 carriage turbo! What are you playing at - we are not sardines! Should I just be grateful you let people on today unlike yesterday?!","other","0.085","natural","on_board_issue","high","rule: onboard condition","auto-cascade-v1","2026-09-13T10:49:06+00:00","rule"
"1854472","@GWRhelp why is there only three train cars on the 1742 Maidenhead to Paddington!! To many people in the train already?????","timetable_info","0.177","natural","timetable_info","medium","tfidf moderate match","auto-cascade-v1","2026-09-13T10:49:06+00:00","tfidf-med"
"154936","@GWRHelp unbearable trip to Bristol on an 'off peak' 16:30 service from Paddington to Bristol Temple Meads. Not even enough room to stand in the isles and £77 for the privilege #daylightrobbery https://t.co/xV0f10eKaz","delay_compensation","0.119","natural","ambiguous","low","top-2 intents equally close (see sims)","auto-cascade-v1","2026-09-13T10:49:06+00:00","tfidf-ambig"
"1034004","@GWRHelp ok - why is my train cancelled? 0626 Chippenham to Padd","service_disruption","0.364","natural","service_disruption","high","rule: live cancellation/disruption","auto-cascade-v1","2026-09-13T10:49:06+00:00","rule"
"1267063","@GWRHelp is there a schedule for the new train running? I'm in &amp; out of Paddington today so it'd be cool to catch it","timetable_info","0.147","natural","timetable_info","medium","tfidf moderate match","auto-cascade-v1","2026-09-13T10:49:06+00:00","tfidf-med"
"2811081","@GWRHelp Great service on the West bound night riviera coach C. Like the refurb but a hook for the damp towel and small shelf for the key card would finish it off nicely.","seat_reservation","0.179","targeted:seat_reservation","seat_reservation","high","rule: seat reservation","auto-cascade-v1","2026-09-13T10:49:06+00:00","rule"
"624055","@GWRHelp I spoke with an advisor who said I can get a refund or discount on my next months season ticket due to the cancellations/delays I’ve had this current month. How do i get this discount? There’s no where to do it online.","refund_request","0.312","natural","refund_request","high","rule: explicit refund","auto-cascade-v1","2026-09-13T10:49:06+00:00","rule"
"1034001","@GWRHelp Coukd you confirm if the 07:25 Theale - Lon Pad is delayed as app says it’s cancelled at Frome, delayed and actually on time?","service_disruption","0.162","natural","service_disruption","high","rule: live cancellation/disruption","auto-cascade-v1","2026-09-13T10:49:06+00:00","rule"
"2824212","@GWRHelp Pity to only have 2 carriages on 0810 SVB-BRI this morning: temptation to wait for following service was massive. Next batch of 165s &amp; 166s hopefully in service for the new year: I did hear some might gave power points?","other","0.073","natural","other","low","weak TF-IDF match; falls outside defined intents","auto-cascade-v1","2026-09-13T10:49:06+00:00","tfidf-low"
"1696393","@GWRHelp Why are there only 2 carriages on 17:54 Bris-Cardiff? Overcrowding is ridiculous (but not at all unexpected)","lost_property","0.103","natural","ambiguous","low","top-2 intents equally close (see sims)","auto-cascade-v1","2026-09-13T10:49:06+00:00","tfidf-ambig"
"605222","@GWRHelp why do I constantly find Theale car park full? Forced to park 0.5 miles away. Station master says it’s used by Amazon staff for adjacent depot. @AmazonHelp","praise_or_chatter","0.142","natural","praise_or_chatter","medium","tfidf moderate match","auto-cascade-v1","2026-09-13T10:49:06+00:00","tfidf-med"
"2474213","@GWRHelp dissapointed that due to your website crashing I've been charged twice. Unfortunately colleagues have not helped :(","booking_issue","0.465","targeted:booking_issue","booking_issue","high","rule: website/booking","auto-cascade-v1","2026-09-13T10:49:06+00:00","rule"
"529892","@GWRHelp extremely disappointed that the Maidenhead to PAD didn’t wait for the 3 minute delayed Oxford to Maidenhead Service, especially as the trains are truncated services today. 30min wait here now and will be an hour late to my final destination now.","other","0.072","natural","other","low","weak TF-IDF match; falls outside defined intents","auto-cascade-v1","2026-09-13T10:49:06+00:00","tfidf-low"
"1609855","Wifi ✔
Sockets ✔
@GWRHelp might just be my favourite train company.","timetable_info","0.147","natural","ambiguous","low","top-2 intents equally close (see sims)","auto-cascade-v1","2026-09-13T10:49:06+00:00","tfidf-ambig"
"2343359","@GWRHelp hi there, last night my train got held for almost 1 hour. What can I do to claim a compensation?","delay_compensation","0.335","natural","delay_compensation","high","tfidf strong match","auto-cascade-v1","2026-09-13T10:49:06+00:00","tfidf-high"
"926351","Buzzing for a day when I  get on a @GWRHelp train and it is on time, realistically this will be never ☺️","timetable_info","0.145","natural","timetable_info","medium","tfidf moderate match","auto-cascade-v1","2026-09-13T10:49:06+00:00","tfidf-med"
"980096","@GWRHelp Hi, with the Reading to Paddington line closed this weekend can pre booked tickets be used from Waterloo instead?","other","0.098","natural","other","low","weak TF-IDF match; falls outside defined intents","auto-cascade-v1","2026-09-13T10:49:06+00:00","tfidf-low"
"154873","I don’t know why I bother with a standing desk at work. I get to stand morning and evening with @GWRHelp","other","0.095","natural","other","low","weak TF-IDF match; falls outside defined intents","auto-cascade-v1","2026-09-13T10:49:06+00:00","tfidf-low"
"1517494","@GWRHelp since I got no answer last time, are reservations available for Sat 23 Dec?","other","0.094","natural","other","low","weak TF-IDF match; falls outside defined intents","auto-cascade-v1","2026-09-13T10:49:06+00:00","tfidf-low"
"1846835","@GWRHelp - shambolic trip on 7.15 pm train to Cdf   -  probably  standing all the way despite booked  seat -  this rubbish cost over £70 . https://t.co/X5TF49GzR6","on_board_issue","0.185","natural","on_board_issue","medium","tfidf moderate match","auto-cascade-v1","2026-09-13T10:49:06+00:00","tfidf-med"
"1461283","@GWRHelp I hope you guys can help me I just got off the train to Penzance at reading station and I stupidly left my bag in the luggage eat. It say Hampton court flower show 2017, has my shoes and cardigan in it. If you can retrieve this please let me know how I can get it back?","lost_property","0.222","targeted:lost_property","lost_property","high","rule: lost item","auto-cascade-v1","2026-09-13T10:49:06+00:00","rule"
"2106244","@GWRHelp @120244 good afternoon, can you tell me why the 2119 from Bristol temple meads to Cardiff is not available for the next couple of weeks? Thanks","praise_or_chatter","0.151","natural","praise_or_chatter","high","rule: praise","auto-cascade-v1","2026-09-13T10:49:06+00:00","rule"
"846408","@GWRHelp I booked a ticket ref 9NBJ6T63-I really want to push the outbound journey back to 1.52pm do I really have to pay £20 to do this?","seat_reservation","0.107","natural","seat_reservation","medium","tfidf moderate match","auto-cascade-v1","2026-09-13T10:49:06+00:00","tfidf-med"
"2720778","@GWRHelp hi, is it too late to buy a ticket with a seat reservation for peak time out of Paddington tonight? Ticket office closed in bridgend yesterday and this morning so unable to do so. (I know I can buy a ticket, it’s the reservation bit I’m interested in!)","delay_compensation","0.16","targeted:seat_reservation","seat_reservation","high","rule: seat reservation","auto-cascade-v1","2026-09-13T10:49:06+00:00","rule"
"1264161","@GWRHelp thanks for cancelling the Clifton - BTM train without warning, not like people rely on you or anything! £££ on a taxi great 😶","on_board_issue","0.117","natural","praise_or_chatter","high","rule: praise","auto-cascade-v1","2026-09-13T10:49:06+00:00","rule"
"2631819","@GWRHelp Trains a mess at Bath Spa this evening. No room even to get on late running Portsmouth Harbour train...Not good enough.","praise_or_chatter","0.105","natural","ambiguous","low","top-2 intents equally close (see sims)","auto-cascade-v1","2026-09-13T10:49:06+00:00","tfidf-ambig"
"2691337","@GWRHelp due to your stupid strike I have had to massively change my journey making it so much longer! You better give me a refund for this!! 😡😡😡","refund_request","0.425","natural","refund_request","high","rule: explicit refund","auto-cascade-v1","2026-09-13T10:49:06+00:00","rule"
"97502","I think it's about time train companies take a more human approach when dealing with passengers regarding losing part of their train ticket @123241 @GWRHelp @121428","timetable_info","0.207","natural","ambiguous","low","top-2 intents equally close (see sims)","auto-cascade-v1","2026-09-13T10:49:06+00:00","tfidf-ambig"
"2897321","@GWRHelp 16.29 from Swansea to Paddington. There's a horrible noise in coach D, like the brakes are sticking, is the carriage ok?","seat_reservation","0.247","targeted:seat_reservation","seat_reservation","high","rule: seat reservation","auto-cascade-v1","2026-09-13T10:49:06+00:00","rule"
"2466847","@GWRHelp your 19.15 from Cardiff. Would you mind awfully enforcing fire regulations. Passengers blocking Isles with suitcases. No staff #gwr","on_board_issue","0.128","natural","on_board_issue","medium","tfidf moderate match","auto-cascade-v1","2026-09-13T10:49:06+00:00","tfidf-med"
"43978","@GWRHelp how come I only receive a £10.50 refund when the engineering works were unplanned last month that's hardly fair","refund_request","0.381","targeted:refund_request","refund_request","high","rule: explicit refund","auto-cascade-v1","2026-09-13T10:49:06+00:00","rule"
"2781238","@GWRHelp just out of interest, why is the 17:23 from Reading to Oxford invariably late?","lost_property","0.16","natural","lost_property","medium","tfidf moderate match","auto-cascade-v1","2026-09-13T10:49:06+00:00","tfidf-med"
"2897312","@GWRHelp I’ve got a season ticket which I no longer need, am I able to get the weeks I’m not using refunded? If so, how do I go about this?","delay_compensation","0.108","natural","ambiguous","low","top-2 intents equally close (see sims)","auto-cascade-v1","2026-09-13T10:49:06+00:00","tfidf-ambig"
"894489","@GWRHelp chaos with the seats on the 09.57 to Bristol Temple Meades. No reservation slips so people thinking they have a seat being asked to move on a packed train and awkward reservation holders needing to ask people to move...","seat_reservation","0.187","natural","on_board_issue","high","rule: onboard condition","auto-cascade-v1","2026-09-13T10:49:06+00:00","rule"
